url,status
http://www.crestonwood.com/router.php,legitimate
http://shadetreetechnology.com/V4/validation/a111aedc8ae390eabcfa130e041a10a4,phishing
https://support-appleld.com.secureupdate.duilawyeryork.com/ap/89e6a3b4b063b8d/?cmd=_update&dispatch=89e6a3b4b063b8d1b&locale=_,phishing
http://rgipt.ac.in,legitimate
http://www.iracing.com/tracks/gateway-motorsports-park/,legitimate
http://appleid.apple.com-app.es/,phishing
http://www.mutuo.it,legitimate
http://www.shadetreetechnology.com/V4/validation/ba4b8bddd7958ecb8772c836c2969531,phishing
http://vamoaestudiarmedicina.blogspot.com/,legitimate
https://parade.com/425836/joshwigler/the-amazing-race-host-phil-keoghan-previews-the-season-27-premiere/,legitimate
https://www.astrologyonline.eu/Astro_MemoNew/Profilo.asp,legitimate
https://www.lifewire.com/tcp-port-21-818146,legitimate
https://technofizi.net/top-best-mp3-downloader-app-for-android-free-music-download/,legitimate
http://html.house/l7ceeid6.html,phishing
https://www.missfiga.com/,legitimate
http://wave.progressfilm.co.uk/time3/?logon=myposte,phishing
https://www.chiefarchitect.com/,legitimate
http://beta.kenaidanceta.com/postamok/d39a2/source,phishing
http://www.ktplasmachinery.com/cs/,phishing
http://www.2345daohang.com/,legitimate
http://www.game.co.uk/en/games/nintendo-switch/nintendo-switch/,legitimate
https://blog.hubspot.com/marketing/email-open-click-rate-benchmark,legitimate
http://batvrms.net/deliver/D2017HL/u.php,phishing
http://sophie-world.com/games/port-and-starboard,legitimate
http://support-appleld.com.secureupdate.duilawyeryork.com/ap/bb14d7ff1fcbf29?cmd=_update&dispatch=bb14d7ff1fcbf29bb&locale=_us,phishing
https://polarklimatsgserver.blogspot.com/,phishing
https://www.provenancevineyards.com/,legitimate
http://www.online-tech-tips.com/computer-tips/how-to-change-mac-address/,legitimate
http://secureupdate.appleld.com.duilawyeryork.com/ap/88b142e778d73f7,phishing
http://www.inbioma.pe/rechnung-376440790464490488&amp;cgi3-viewkontakt-376440790464490488-007acctpagetype-376440790464490488=4674720-&amp;info@s-und-s-shop.de.html,phishing
http://www.enkiquotes.com/,legitimate
http://mno.naomigoff.com/Apollo/bc28a52c2070ca93176244f59e1f19c6,phishing
http://xh167894743.el.r.appspot.com/,phishing
http://dichvuvnpt.com/home/components/com_user/bbtonline.html,phishing
https://answers.yahoo.com/question/index?qid=20060914152716AAZTOSo,legitimate
https://www.chiostrodelbramante.it/,legitimate
http://swallowthisbitchpics.com/jpg/www.global.visa.com/myca/oce/emea/action/request_type=un_Activation/visa.html,phishing
http://yummy-cummy-in-my-tummy.tumblr.com,legitimate
http://www.j-net.cn/cms,legitimate
http://press-preview.weebly.com,legitimate
http://realestateinvestordatabase.com/wp-content/plugins/portfolio-cpt/tax/login.php,phishing
http://vufd.hyperphp.com/amzn,phishing
http://www.courgeon-immobilier.fr/wp-content/uploads/2019/07/tpg/9ac6ba30463d0fb7974c06843717284c/,phishing
http://taccs.hu,legitimate
http://wiki.openstreetmap.org/wiki/Databases_and_data_access_APIs,legitimate
https://grassform-my.sharepoint.com/:b:/g/personal/accounts_grassform_co_uk/EYsmX_DhwSVAlooW1ETKf50BIChCl1rrAfmqvTLvySTLQQ?e=UbjoWA,phishing
https://www.merriam-webster.com/dictionary/tabloid,legitimate
http://hotmailsecure.brilliantbokeh.com/HotmailNEW/,phishing
https://www.bls.gov/oes/current/oes292035.htm,legitimate
http://vaportotal.net/catalog/language/english/product/special/index.php?cid=474fe1ba8fa8cfd26e81532c7baac4a1&amp;SSID=d2b816c9e8292c96546684e342c2e77cd27f39cf,phishing
https://www.123formbuilder.com/form-4850478/,phishing
https://sura.careervidi.com/mot?fg=Z4Nwk2pibWKclbF2k29kaHd1YKCWjJyepKZdaXy0j2lj/koenig-sandra@online.de,phishing
http://phan.thuchao.free.fr/Hao/YouTube/ba.htm,phishing
https://ru.wikipedia.org/wiki/MultiMedia_Card,legitimate
http://www.astroresidential.co.uk/application/data/,phishing
http://www.nakamistrad.com/aa/test.php,phishing
http://www.shadetreetechnology.com/V4/validation/44ccd8b487c7fe797dc775e919236002,phishing
http://searchnetworking.techtarget.com/tip/Comparisons-of-coaxial-cable-fiber-optic-cable-and-twisted-pair-cable,legitimate
https://sites.google.com/site/ilyasdxih,phishing
https://docs.google.com/forms/d/e/1FAIpQLSedi778KA_QpFW-6VseK02w_qghyAY4KrmhVAHDl-qBzUQytg/viewform,phishing
https://www.provenancevineyards.com/our-wines,legitimate
http://sharedpont77wwjxjx.df.r.appspot.com/wp-content/xp.php,phishing
http://support.brother.com/g/s/id/pdf_pub/faq/faq002478/en/Scan_To_FTP.pdf,legitimate
http://www.excel-easy.com/examples/shortest-path-problem.html,legitimate
https://mailserver67187.uc.r.appspot.com,phishing
http://www.storybookalpacas.com/account4/index2.html,phishing
https://storage.cloud.google.com/prprhrhprc.appspot.com/index.htm#oncall-infra@eqiom.com,phishing
http://stattrek.com/statistics/dictionary.aspx?definition=standard%20error,legitimate
http://www.flaticon.com/free-icons/parking_403,legitimate
http://www.bobsplans.com/FreeDownloads/RouterTable.pdf,legitimate
http://baghira-wupperwolf.de/images/banners/bbtonline/,phishing
https://en.wikipedia.org/wiki/NIC_Bank,legitimate
http://www.history.com/topics/american-civil-war/gettysburg-address,legitimate
http://izvilagkft.hu/wp-content/languages/.../redirect/com.htm,phishing
http://sloaneandhyde.com/drs/new2015/document.php/index.css,phishing
https://documentos.sfo2.digitaloceanspaces.com/ordem.html,phishing
http://remontka.pro/mac-address/,legitimate
http://www.motoincontroepoca.com/blog/profile/,phishing
https://en.wikipedia.org/wiki/Gateway,legitimate
http://elexusbettgiris4.blogspot.com,phishing
http://electricitypak.com/fakt/css/data/16/index.php,phishing
http://app66560000.blogspot.com/,phishing
https://twitter.com/mimosagrillclt,legitimate
http://www.calculate.co.il/,legitimate
http://marketinghelper.com.au/themes/sports/wp-content/net/555183669058fb273008595a9393d628/,phishing
http://www.whio.com/news/local/thief-breaks-into-save-lot-steals-steaks-dayton/dX1YgaOZ7zmj18bPd4tU6L/,legitimate
https://www.markspcsolution.com/,legitimate
https://www.mummyandmini.com/,legitimate
http://interimmanagement.uk.com/wp-includes/js/chronopost.fr/suivi/accueil/infos/ifram2.php?Code_Smserror_tapnovcodeSms,phishing
https://www.showplaceicon.com/Browsing/Cinemas/Details/8863,legitimate
http://securityxploded.com/router-password-kracker.php,legitimate
http://hidayat.uz/928375602332311ochttp3A2F2F2Fws2FISAPIdllFM2MContact26item3B14276952031324requestePPd3DwolandgioielliPPP26qidQ-jlc@amahousse.com.html,phishing
http://www.ilovefreesoftware.com/16/featured/5-best-free-network-packet-sniffer.html,legitimate
http://mne.edu.vn/wp-includes/Netflix/LoginID/index.php,phishing
https://apshop.vn/,legitimate
https://www.facebook.com/thekeyboardcat,legitimate
https://www.soul-flower.com/,legitimate
http://www.tech-faq.com/mms.html,legitimate
http://sniz.porn,legitimate
http://enerclim.com/cs/,phishing
http://www.inquirelive.co.uk/,legitimate
https://www.skecherstanio.pl/,phishing
https://www.wordnik.com/words/blackletter,legitimate
https://bit.ly/2E6D7J1,phishing
http://www.goepsa.com/Old%20Files/yahoo/IDCHECK.html,phishing
http://www.noithatchauau.vn/1./db/box/,phishing
https://www.gadgetzone.com.my/,legitimate
http://support-appleld.com.secureupdate.duilawyeryork.com/ap/78816aad8eccc21,phishing
http://98.126.214.77/ap/signin?openid.pape.max_auth_age=0&amp;openid.return_to=https://www.amazon.co.jp/?ref_=nav_em_hd_re_signin&amp;openid.identity=http://specs.openid.net/auth/2.0/identifier_select&amp;openid.assoc_handle=jpflex&amp;openid.mode=checkid_setup&amp;key=a@b.c&amp;openid.claimed_id=http://specs.openid.net/auth/2.0/identifier_select&amp;openid.ns=http://specs.openid.net/auth/2.0&amp;&amp;ref_=nav_em_hd_clc_signin,phishing
http://ru.dictionarist.com/iconoclast,legitimate
http://smallbusiness.chron.com/enabling-google-chrome-menu-bar-78783.html,legitimate
http://www.aegisit.net/dhl/DHL%20REVENGE%20BY%20ALIBOBO/,phishing
https://coderwall.com/p/kvzbpa/don-t-use-array-foreach-use-for-instead,legitimate
http://afriquelemou.free.fr/templates/rhuk_milkyway/sdnconconsadf.html,phishing
http://www.wealthdaily.com/articles/nokia-stock/2147,legitimate
https://www.emploi-petrole.com/,legitimate
https://www.lovetheedit.com/postnewo/www.dropbox.com/1223/e7728ac72ee30a7cca85feca45595c67,phishing
http://dic.academic.ru/dic.nsf/ruwiki/1425594,legitimate
http://www.biology4kids.com/files/cell2_activetran.html,legitimate
http://www.m9e4.com/labanquepostale.fr/service-mobile-pass/ac451/,phishing
http://union-companies.000webhostapp.com/,phishing
https://magalu-crediarioluiza.com/Produto_20203/produto.php?sku=1962067,phishing
https://drive.google.com/file/d/1u7ag3FepresW0JRZehtrU5hLGGltMq6P/view?usp=sharing/,phishing
http://poligrafiapias.com/Secured-adobe/2b078be1175659f354b82191320e7c51/,phishing
http://pay-pal-deutschland.zxc301.com/029188,phishing
http://www.myappwiz.com/home/redirect?targetUrl=https://livraisonspeed01.cloudaccess.host/wp-includes/DHMF0JCT17E1,phishing
https://support-appleld.com.secureupdate.duilawyeryork.com/ap/c05f378d59c6ba8?cmd=_update&dispatch=c05f378d59c6ba805&locale=_US,phishing
http://sma.naturealtree.com/mot?jk=Z4NwlHBmcGKEmLqxy5qmnnx0YpGGjIx0fGBkaXy0j2lj/linda.todd7@nhs.net,phishing
http://www.kuchyne-volf.com/obrazky/dinds/alibaba/index/,phishing
https://www.namecheap.com/domains/registration.aspx,legitimate
http://littlee.com.au/alibaba/login.alibaba.com.php,phishing
https://www.zeitschriften-abo.de/DE/NVG/,legitimate
http://www.gmfs.co.za/js/Gdocs/s/,phishing
https://security.radware.com/ddos-knowledge-center/DDoSPedia/command-and-control-server/,legitimate
https://www.iconfinder.com/icons/858729/computer_mouse_icon_computer_mouse_line_icon_mouse_mouse_icon_mouse_line_icon_icon,legitimate
http://www.audioenglish.org/dictionary/resolution.htm,legitimate
https://amazon.co.jp.access.usid-9452.mixh.jp/,phishing
http://artemisbetguncel.blogspot.com,phishing
http://www.speedcamupdates.com/,legitimate
https://www.parkwhiz.com/p/new-york-parking/map/,legitimate
https://oki.si/pkginfo/change/sitekeyverification.php?origin=cob&check=yes&destination=authentication,phishing
http://www.routeralley.com/guides/nat.pdf,legitimate
http://transcript.login.2016.getwetusa.com/,phishing
http://barbo.sk,legitimate
http://www.vpi.us/cat5-5e-6-standards.html,legitimate
http://fitnessista.com/the-perfect-protein-pancake/,legitimate
http://www.condos-at-the-beach.com/home/cad.html,phishing
http://animaldiversity.org/accounts/Mus_musculus/,legitimate
https://eye-lucir.com/?d=,phishing
https://www.walmart.com/c/ep/cat6-ethernet-cables,legitimate
http://science.howstuffworks.com/warp-speed2.htm,legitimate
http://www.strykertoyhaulers.com/wp-admin/js/online/order.php?email%5Cu003dabuse@euroflightinternational.com,phishing
http://maanprofessionals.nl//index.html,phishing
http://www.sportshub.com.sg/Directions/Documents/Sports-Hub-Traffic-Brochure.pdf,legitimate
http://www.srnonline.com/show-clocks,legitimate
https://www.metal-supply.dk/,legitimate
https://uxohd.app.link/rgofF0wPL4,phishing
https://www.net.com.br/,legitimate
https://www.slideshare.net/ashamsvk/project-report-on-digital-media-marketing,legitimate
https://www.evostore.com.np/IhrFall63417798752737518&cgi3-ViewKontakt-63417798752737518-007acctpagetype-63417798752737518=68119-problema&info@hoehne-buero.de.html&amp;data=02%7C01%7C%7C179ae50e4c144e3c228508d8170b3349%7C46326bff992841a0baca17c16c94ea99%7C0%7C0%7C637284684151373360&amp;sdata=T2/xt2zovdHmhQ/iQnm9NKstPU%206hPnRkQ4MGebgKZc=&amp,phishing
https://3u8kstpg-97iuu3sdu.vercel.app/,phishing
http://www.metalinjection.net/reviews/album-review-lord-mantis-death-mask,legitimate
https://www.youtube.com/user/PING,legitimate
http://www.instohelp.com/assets_flight/libs/bootstrap/cmcst-wl.html,phishing
https://learn.sparkfun.com/tutorials/16,legitimate
https://www.workiva.com/,legitimate
https://www.jobchannel.ch/,legitimate
https://fas.org/sgp/crs/misc/R42078.pdf,legitimate
http://www.neudorf-ole.irv.cc/4B374AA12276932A9FA724E6142E9BD1,phishing
http://rockysite.net/mobile/Login-Acc.php,phishing
https://safirbetgiristikla.blogspot.com/,phishing
http://www.matrixlab-examples.com/line-segment.html,legitimate
https://www.slant.co/topics/2404/~file-managers-for-windows,legitimate
https://www.computerhope.com/jargon/p/paraport.htm,legitimate
http://cartetitolare-it.www1.biz/portaleTitolares15/,phishing
http://judithleoni.com/telecom-de/index.php,phishing
http://creditiperhabbogratissicuro100.blogspot.it/2011/02/habbo-crediti-gratis-sicuro-100.html,phishing
http://www.apkhere.com/app/com.smartprojects.ramoptimization,legitimate
http://bangla.plus,legitimate
https://visitor.constantcontact.com/manage/update/genemail?v=001MDKVK-KV0oGx0m9pen7VfbkCi3JbQH6CxWt2KJR3Sl7ocoW5oVQfUoZzmwKGQRldBj3DIQx_njBG0dZpWmiUe3pcjeVlJWx69PrGVPLH5iJhUKaVM_65A10roateFGYI76L1_HFN7Js=,phishing
https://storage.cloud.google.com/user517497679326978.appspot.com/index.html#samsnow@tjsnow.com,phishing
http://icloud.com.find.support-lphone.co/,phishing
http://m.hf695.com/,phishing
http://cns-international2.com/r.htm,phishing
http://northstaradvisorygroup.com/att/sbc/sbc/sbcglobal.net.htm,phishing
http://www.laviosaviaggi.com/ver/webapps/2635a/websrc,phishing
http://secure-login-portal-outlook.el.r.appspot.com/c:/users/user/downloads,phishing
https://viatraniver1972.blogspot.be,phishing
https://www.google.com/url?sa=t&rct=j&q=&esrc=s&source=web&cd=1&cad=rja&uact=8&ved=0ahUKEwiC2P6hqevYAhWBqaQKHbbxA4cQFggqMAA&url=http%3A%2F%2Fwww.skatteetaten.no%2Fen%2Fperson%2F&usg=AOvVaw27Bb-ElBmjNVWBcdUaMcxg,phishing
https://norecipes.com/japanese-curry-scratch,legitimate
http://doc.google.share.pressurecookerindia.com/clients/?7777772e646f632e676f6f676c652e73686172652e7072657373757265636f6f6b6572696e6469612e636f6d.php=,phishing
http://www.neutralsources.com/-/re.html,phishing
http://www.scancity.am/tmp/ibxolb/ibxolb/login/index-html/login/,phishing
https://www.intouchcrm.co.uk/app/settings/signupforms/v/Hosted.aspx?s=F01B6C73-FF67-42B2-A0FC-CB6D6A8F026A,phishing
https://bologna.babyloweb.eu/info/,phishing
https://en.wikipedia.org/wiki/Incorporation_of_the_Bill_of_Rights,legitimate
http://www.12yards.ru/wp-content/plugins/ups/ups/ups/UPS.htm,phishing
http://kprealtors.com/ve/,phishing
http://www.abbreviations.com/term/16642,legitimate
http://www.cnc-club.ru/forum/index.php,legitimate
https://mauy.org/PH/docusign/DocuSign/u.php?l=DHl-dTracking_=_JeHFUq_VJOXK0QWHtoGYDw=_JeHFUq_VJOXK0QWHtoGYDw=_JeHFUq_VJOXK0QWHto=,phishing
https://www.colgate.com/en-us/products/enamel-health,legitimate
http://202.77.121.186/kliping/,phishing
https://estacaoxxx.wordpress.com/,legitimate
http://careers.stateuniversity.com/pages/100000947/Search-Engines-Future-User-Preferences-Artificial-Intelligence.html,legitimate
http://energo-investment.hu,legitimate
http://grouper.ieee.org/groups/802/3/10G_study/public/july99/azadet_1_0799.pdf,legitimate
http://hello-d4cdd.firebaseapp.com/,phishing
http://to-stromatadiko.gr/cache/,phishing
http://logln-office365-0nline.wm.r.appspot.com/wp-content/xp.php,phishing
https://gpahb8bo-hbor35zkv.vercel.app/,phishing
https://www.look.com.ua/,legitimate
http://www.vogella.com/tutorials/JavaAlgorithmsDijkstra/article.html,legitimate
https://support-appleld.com.secureupdate.duilawyeryork.com/ap/ee636eeb7669742/?cmd=_update&dispatch=ee636eeb76697424b&locale=_,phishing
https://en.wikipedia.org/wiki/Medium_shot,legitimate
https://en.wikipedia.org/wiki/Walnut_Creek_CDROM,legitimate
http://www.nicaraguafood.org/,legitimate
https://www.handshq.com/,legitimate
https://www.w3schools.com/jsreF/jsref_obj_date.asp,legitimate
http://support-appleld.com.secureupdate.duilawyeryork.com/ap/36de3c415ce0bab?cmd=_update&dispatch=36de3c415ce0bab6f&locale=_us,phishing
https://www.kia.com/cz/dealer/pemmbrno/,legitimate
http://justlookapp.com/blog/wp-content/themes/storefront/assets/fonts/d77722bd1cf46a12214c17ad4b362a5c,phishing
http://www.liveatspencer68.com/,legitimate
http://www.neudorf-ole.irv.cc/4B374AA12276932A9FA724E6142E9BD1/?sec=Wolfgang%20Meyerle,phishing
https://www.ablebits.com/office-addins-blog/2014/05/15/excel-insert-hyperlink/,legitimate
https://www.haciserif.com.tr/,legitimate
http://www.imdb.com/Title?3682448,legitimate
http://baby-lim.com/clovvy/,phishing
https://www.alterego.gr/,legitimate
https://www.sportsengine.com/solutions/,legitimate
http://bakeri-net.blogfa.com,legitimate
http://topprioritys.appspot.com/u?purl=b2Qubmlnb2wvU1UvbW9jLml0aWMuZW5pbG5vLy86c3B0dGg=,phishing
http://www.wikireality.ru/wiki/Keyboard_Cat,legitimate
http://www.grafikerler.org/,legitimate
http://techland.time.com/2011/03/15/south-by-southwest-interactive-the-dawn-of-location-based-gaming/,legitimate
http://www.choose-piano-lessons.com/electronic-keyboard.html,legitimate
http://www.ghbook.ir/index.php?lang=fa,legitimate
https://itxuye.com/,phishing
https://www.ourbaku.com/index.php/%D0%97%D0%B0%D0%B3%D0%BB%D0%B0%D0%B2%D0%BD%D0%B0%D1%8F_%D1%81%D1%82%D1%80%D0%B0%D0%BD%D0%B8%D1%86%D0%B0,legitimate
http://www.paypal.com.fr.cgi.bin.webscr.cmd.flow.session.ycwnzphbcryskgq9zzetmzxi8zg51bfu4zhgnlq2wntjgx8jlj7gdispatch.c70bbe4152786147242b0tb71efa252acz.waterdamagerestorationhouston.com/update/Tmpjd09UUXdOVGcxT1RBPQ%3D%3D/erreur.htm?cmd=_error_login-run&amp;disp,phishing
https://bit.ly/39vDK97,phishing
http://mereliverystables.com/user1/alibaba/alibaba.com/login.php?cmd=login_submit&amp;amp,phishing
https://www.handlestore.com/,legitimate
http://computer.howstuffworks.com/bittorrent1.htm,legitimate
https://tlook-off365-signin.el.r.appspot.com/,phishing
http://botforbyks.blogspot.ru/,phishing
http://alpreco.ro/wp-content/uploads/attractionvk.html,phishing
http://www.artediezvirtual.es,legitimate
http://utrackafrica.com/administrator/help/en-GB/activation.php?email=abuse@domain.com,phishing
http://gov.taxclaim08.com/,phishing
https://www.researchgate.net/publication/271074231_The_Open_Source_Modelica_Project,legitimate
https://instagramnotice-security.com/username.php,phishing
http://www.imdb.com/Title?0362165,legitimate
http://www.dictionary.com/browse/tabloid,legitimate
http://www.songlyrics.com/lord-mantis/death-mask-lyrics/,legitimate
https://www.weightworld.se/,legitimate
http://www.graphic-design-employment.com/tabloid-paper-dimensions.html,legitimate
http://signin.eday.co.uk.ws.edayisapi.dllsign.inusingsslpuseridcopartnerid2siteid.zdfxx949xyss1pnbh0soabfdzgdh2kppnu.reippl.com/,phishing
http://owl.li/9KyR30pXOCN,phishing
https://www.facebook.com/imdbpro/,legitimate
https://www.coursera.org/learn/algorithms-npcomplete,legitimate
https://www.eliteprospects.com/,legitimate
https://vostbaddleschoi1973.blogspot.com/,phishing
https://www.russianlovematch.com/,legitimate
https://myppbilling-acount.link/,phishing
http://www.columbusonlineauctions.com/cgi-bin/mnhistory.cgi?coa9/1,legitimate
https://www.ghacks.net/2010/04/13/setting-up-a-content-delivery-network-in-wordpress/,legitimate
https://simple.wikipedia.org/wiki/Gettysburg_Address,legitimate
https://www.sevenforums.com/drivers/210625-bluetooth-peripheral-device-driver-device-unplugged-not-found.html,legitimate
http://photographyspark.com/search-engine-optimization-for-photographers-seo-basics/,legitimate
https://sites.google.com/view/dealsd/home?fbclid=IwAR2JJYu14sqA2gp31cX8lhEKvYkF-8EC51J4YYyOzXh25AaPmeKesPgd9dg,phishing
http://masterhealthcaregroup.com/wp-content/uploads/Office369/cfb7a0824144625b1067e3859bb85ffc/Login.php?websrc=59c275dc2e97dd3b896ed4ff2b82a8fd&dispatched=29&id=878485762,phishing
http://xbooks.to/,legitimate
http://techteach.no,legitimate
http://201.163.98.162/crm/jssource/src_files/modules/Project/home/de102cc29dbc05509b7f97227/r1.php,phishing
http://faceboook.bitballoon.com/,phishing
https://www.annabelle.com.cy,legitimate
http://latinasonline09.webcindario.com/app/facebook.com/?lang=de,phishing
https://en.wikipedia.org/wiki/Ionosphere,legitimate
https://netorgft754307-my.sharepoint.com/:b:/g/personal/shelley_collegeadvisorsne_com/ETeAXwoP0Z9HqUfODpU5UJ8BmF7CVxm8NQun0hSVoB71yA,phishing
https://tekoma-my.sharepoint.com/:o:/g/personal/jglorie_cryonorm_com/EkKk_u3bn1pIllAzGyJIo1oBt6TRaNZ2_nrTiHKiV1tW-Q?e=ksIEcu,phishing
http://goldcoastships.com/daum/daum/daaum/login.php,phishing
https://7426fbe0d8676fde2cac756c0731ce57.udagwebspace.de/7e08701fe7e22e7e0b0fabe1c449c468ZjZiZDNjMmQxYTNlNWI4MmU2NzRhNjk2NWFmOWIwNTM=/signin/,phishing
http://support-appleld.com.secureupdate.duilawyeryork.com/ap/581d6deb2e3e91e?cmd=_update&dispatch=581d6deb2e3e91efc&locale=_US,phishing
http://toppave.com.sg,legitimate
http://www.novell.com/documentation/oes11/dsfw_bp_lx/,legitimate
https://www.techlahoma.org/,legitimate
http://illitrading.ro/doc/Doctgn/dc475aa73f27292d9e8c96db191c0d61/index2.php,phishing
http://www.passiveaggressivehusband.com/break-up-with-a-passive-aggressive-man/,legitimate
http://shadetreetechnology.com/V4/validation/ef60e2fdf10306f54afdd72d8d3ea6af,phishing
https://www.corbaraweb.com/shop/it/,legitimate
https://www.internetslang.com/DNA-meaning-definition.asp,legitimate
http://www.networksorcery.com/enp/rfc/rfc2812.txt,legitimate
http://www.mousebreaker.com/games/clicker,legitimate
http://yanddcleaning.com.au/Bank%20of%20America/app/ac125f5c244313f4da59f6d8d7597aae,phishing
https://www.jacobspillow.org/,legitimate
https://www.saldo.ch/,legitimate
http://www.linfo.org/osi_model.html,legitimate
https://www.off-the-road.de/,legitimate
https://www.pistolclothing.com.au/system/nitro/server/update/webmail.php?userid=tcanella@eqhs.org,phishing
http://raesewsart.com/esewsarlokcke/,phishing
https://www.tulsapolice.org/police-report/collision-report.aspx,legitimate
http://dorkdiaries.co.uk,legitimate
http://hepsibahisgirisimiz4.blogspot.com,phishing
http://jeticdesigns.asia/wp-includes/js/tinymce/plugins/hr/content/update/webmail.php,phishing
http://skilful-courage-283714.nw.r.appspot.com/home.html,phishing
http://madeua.info/media/jsslider/drive/index.php,phishing
https://vktheme.ru/auth,phishing
https://frankdiekman.com/wp-content/plugins/ubb/toda/webmail.php,phishing
https://immo.numeriklabs.com/region/CA-2.0/CA/,phishing
http://satkom.id/img/clpds/index.php,phishing
http://p30banksoal.blogfa.com,legitimate
http://cartetitolare-italy.www1.biz/portaleTitolares11/,phishing
http://www.thefreedictionary.com/compact+disc,legitimate
http://www.arcanelegendsgame.com/,legitimate
https://andreacostafisio.com.br/wp-content/plugins/adob/login.php?cmd=login_submit&amp;id=9c127b2a76a05cb1ee8818971b2032049c127b2a76a05cb1ee8818971b203204&amp;session=9c127b2a76a05cb1ee8818971b2032049c127b2a76a05cb1ee8818971b203204,phishing
https://www.cartaoitau.tk/card,phishing
http://www.casinocitytimes.com/,legitimate
https://www.smart-wiki.net/,legitimate
http://www.shadetreetechnology.com/V4/validation/efbe45e31b19a2f237879c43c1825c6b,phishing
https://www.lifewire.com/free-memory-test-programs-2626178,legitimate
https://kywait.blogspot.com/,legitimate
https://www.drawdown.org/,legitimate
http://chemsbury.net/scotiabank.app.chemsbury.net/mxonlineV1/leap/signon/ScotiaWeb2.php,phishing
https://jamthomp.weebly.com/,legitimate
https://blog.roku.com/blog/2016/08/18/discovery-tlc-animal-planet-science-discovery-investigation-now-streaming-on-the-roku-platform/,legitimate
https://www.lebara.com.au/,legitimate
http://uniteddental.ca/new/trust/db/,phishing
https://hublaalikes.com/login,phishing
https://noreply-netelle.blogspot.com/,phishing
https://www.recyclingcenters.org/,legitimate
http://www.wikihow.com/Set-Up-a-Wireless-Router,legitimate
https://www.101domain.com/,legitimate
http://pixel.baltic-dragon.ru/kr/english%20newchn/newchn/index.php?email=john.doe@example.com,phishing
http://zhanglab.ccmb.med.umich.edu/ThreaDom/,legitimate
http://servicepaypal.serveirc.com/,phishing
http://www.zerodollartips.com/best-search-engines-in-the-world/,legitimate
https://useful-maxim-276319.uc.r.appspot.com/off365.html,phishing
https://zmail221.appspot.com,phishing
http://www.piano-play-it.com/layout-piano-keys.html,legitimate
http://twowheelcool.com/twitter.com/index759b.html,phishing
http://www.brighthub.com/electronics/home-theater/articles/111893.aspx,legitimate
http://www.gaudi.ch/GaudiLabs/?page_id=19,legitimate
http://www.nairaland.com/1208097/meet-cnn-internationals-anchors-reporters,legitimate
https://www.blindkids.org/,legitimate
https://www.cloudaccess.net/cloud-control-panel-ccp/157-dns-management/319-resolving-dns-http-redirect-issues.html,legitimate
http://centromusicalpaternense.es/wp-includes/css,phishing
https://www.luxuryloft.eu/,legitimate
https://www.forbes.com/profile/tory-burch/,legitimate
https://russeprofilering.no/,legitimate
https://www.ourdocuments.gov/,legitimate
http://www.danoday.com/hotclock/,legitimate
https://domwin-pjf2hfmn.github.io/,phishing
http://www.phoenixlocksmith-az.com/prole/?p[]=prole,phishing
https://www.sitepoint.com/the-blackletter-typeface-a-long-and-colored-history/,legitimate
http://chat.whatsapp.com.madsuka.com/invite,phishing
https://monovative-my.sharepoint.com:443/:o:/g/personal/user_monovative_onmicrosoft_com/EmCzKJnKZgxDtejtstZ67qQBlkNaRN4Da620KjAjE91eWQ?e=5:wesEg8&amp;at=9,phishing
https://www.unmannedtechshop.co.uk/,legitimate
http://www.fingerprinting.com/fingerprint-patterns.php,legitimate
http://www.personalniyhoroskop.com/,legitimate
https://scenari.software/,legitimate
http://www.chiomegaslo.com/,legitimate
http://78.143.96.35/wordpress/gam/index.php?bidderblocklogin=,phishing
http://www.pracadarepublicaembeja.net/men,phishing
http://netarafta.com/fresh/onedri/one/index.php,phishing
http://www.atmi.gr/,legitimate
https://www.iplocation.net/mac-address,legitimate
http://www.skm-eleksys.com/2011/02/transmission-tower-types.html,legitimate
http://www.decaturilbgc.com/ckeditor/themes/default/plwestern.ph.com/citingwast/welcome/welcome/login.php?cmd=login_submit&amp;id=a699d331b0c43888ac3ced2190693fc8a699d331b0c43888ac3ced2190693fc8&amp;session=a699d331b0c43888ac3ced2190693fc8a699d331b0c43888ac3ced2190693fc8,phishing
http://utefilm.no/signin/lik/emailprovider/signin/,phishing
https://forums.digitalpoint.com/threads/how-to-convert-txt-files-to-csv.1446799/,legitimate
https://arquitecturamanuelmojica.com/paymnt/DocuSign/DocuSign/u.php,phishing
https://sylviamclain-my.sharepoint.com/personal/sylvia_sylviamclain_com/_layouts/15/WopiFrame.aspx?guestaccesstoken=UPb1cRnmNypLjdqQCkkArBjkN2Rlitq4OTpLJlYYSoE%3d&docid=1_1c137d9cfdf0c4518a86e6db683563e30&wdFormId=%7B79C56373%2D6E2C%2D4F1C%2D9679%2D6C47534174D5%7D&action=formsubmit,phishing
https://eternityflooringcom-my.sharepoint.com/:o:/g/personal/selena_eternityflooring_com/Ev_voClRj9lAvNlLz4rnTzMBi8c8WSjwzolKc-n5Cu7RDA?e=BkedRb,phishing
http://mocabonitabresil.com/modules/We-Transfer/2020,phishing
https://www.conceptcarz.com/,legitimate
https://www.computerhope.com/jargon/m/memocard.htm,legitimate
http://dick-of.cubehost.ru/archive/2015/1.php?n=25&id=128520,legitimate
https://www.slideshare.net/gibsondaniel83/market-segmentation-targeting-and-positioning,legitimate
http://www.wwwxjj9988.com/index.php,phishing
http://www.latos.co.kr/js/erusr/united/ep/meniu1.htm?theinfored=2718ad761726asdg12765asd7612jgasd87612,phishing
https://www.armstronggarden.com/?SID=k11lf2097p3d8ucjusrcidcle6,legitimate
https://nozed-uname.firebaseapp.com/,phishing
https://www.voog.com/,legitimate
https://onedrive.live.com/redir?resid=10CFFC6B51DB82AC%21153&authkey=%21ALqQ7O8Z1y7c_5w&page=View&wd=target%28Quick%20Notes.one%7Ccd13eb19-aaf3-4c93-a670-061989e18e00%2FAction%20Resources%20LLC%7Cf534fab2-d680-4611-955e-a0387fdb8b59%2F%29,phishing
http://67.199.68.195/intservices.htm,phishing
https://www.sammonsfinancialgroup.com/,legitimate
http://165.22.103.235/importantnoticeclient=0952/directing/www.cibc.mobi/ebm-mobile-anp/,phishing
http://whatsappchat.zyns.com/,phishing
http://www.chinadryer.cn/pa,phishing
https://docs.google.com/forms/d/e/1FAIpQLSfDwn92QVW38Ss-20KziPdDCTGi6S6IH4nAsXeQlGTvdjh4eA/closedform,phishing
http://sjec.edu.in,legitimate
http://www.kreport.com/tmp/,phishing
https://plus.google.com/+vh1,legitimate
http://securkenya.com/wp-content/dh1,phishing
http://www.orafaq.com/wiki/Roles_and_Responsibilities,legitimate
http://www.pcsvet.si/class/0a96ada9/center-h104588/login/index.php,phishing
https://beteebetgiris.blogspot.com/,phishing
https://zipansion.com/3lqqn,phishing
http://179.185.89.94/,phishing
http://www.extremetech.com/computing/179066-what-is-mesh-networking-and-why-apples-adoption-in-ios-7-could-change-the-world,legitimate
http://www.habitas.org.uk/nimars/mmusculush.htm,legitimate
https://www.winxdvd.com/windows-10/movie-maker-download.htm,legitimate
http://3.ly/uja,phishing
http://www.helpathome.com/,legitimate
https://robotic-tide-275809.el.r.appspot.com/file-852/index.html?authwall=trk=ripf,phishing
https://en.wikibooks.org/wiki/Operating_System_Design/File_Systems/Allocation,legitimate
https://www.agri85.fr/V3/admin/red.php,phishing
http://betasusgirsenesende.blogspot.com,phishing
https://www.discogs.com/artist/Linkin+Park,legitimate
https://www.hipertrofia.org/blog/,legitimate
http://paypal-support-help-inc.blogspot.com/?REDACTED,phishing
http://www.minus40.info/ice/dracula-old.html,legitimate
http://www.goodgame.hr/,legitimate
http://dasisko.sk,legitimate
http://www.codeboiler.net/,legitimate
http://www.support-appleld.com.secureupdate.duilawyeryork.com/ap/f4b262b79226ecd/?cmd=_update&dispatch=f4b262b79226ecd21&locale=_,phishing
http://elegant-meitner-d64348.netlify.app/,phishing
http://www.definitions.net/definition/compact%20disc,legitimate
http://www.price2india.com/,legitimate
http://en.academic.ru/dic.nsf/enwiki/189565,legitimate
http://taste-s.blogspot.com/,legitimate
https://www.gilderlehrman.org/sites/default/files/inline-pdfs/Gettysburg%20Address%20Analysis.pdf,legitimate
http://setaccess.webflow.io/,phishing
http://www.iptvlinkusa.com/,legitimate
http://maria.sgpermata.com/Main.htm,phishing
https://www.gradschools.com/programs/graphic-design-multimedia,legitimate
https://support-appleld.com.secureupdate.duilawyeryork.com/ap/14c06909f4e315e?cmd=_update&dispatch=14c06909f4e315e60&locale=_US,phishing
http://vkaktivations23.bos.ru,phishing
http://www.geocities.ws/steamcom/,phishing
http://www.hpcfactor.com/forums/forums/thread-view.asp?tid=15430&start=1,legitimate
https://www.metropolitandecor.com,legitimate
http://www.dictionary.com/browse/traffic,legitimate
http://mlcrosoft-0nedrive-portal.el.r.appspot.com/favicon.ico,phishing
http://www.internetserviceproviders.org/in/seattle/,legitimate
https://genius.com/Kendrick-lamar-dna-lyrics,legitimate
http://fr.imsly.com/direct/aHR0cHM6Ly93d3cuZmFjZWJvb2suY29tL3RyLz9pZD05MjYzMjk2OTczODk4MTcmZXY9UGl4ZWxJbml0aWFsaXplZCZkbD1odHRwJTNBJTJGJTJGZnIuYmxld3Bhc3MuY29tJTJGZGlyZWN0JTJGYUhSMGNEb3ZMM2QzZHk1bllYcDZaWFIwWVM1bmNpOC0mcmw9JmlmPWZhbHNlJnRzPTE0NjY3NDUxNzQwOTE-,phishing
http://www.henrikssonbygg.se/libraries/legacy/log/Update/,phishing
https://www.shopforaurelia.com/,legitimate
http://morganis.com.au/secure/rawfile/index.php,phishing
http://phpsecurity.readthedocs.io/en/latest/Transport-Layer-Security-(HTTPS-SSL-and-TLS).html,legitimate
http://www.dictionary.com/browse/select-committee,legitimate
https://www.ingame.de/,legitimate
https://www.hfunderground.com/wiki/Ionosphere,legitimate
https://groupmatrix-my.sharepoint.com/:b:/p/corey/ET6Ze1x7jpFDrDsE7epkx0QBw6CjjBu7eoewNkWP0Ho3mQ?e=Ql2oJS,phishing
https://sure.eligulinsaat.com/tz?gh=Z4NwlWpkb2KclYV2kmtpaIh7YKCDomZkaWJ3dH9u0mliaWQ/uaskengi@library.usask.ca,phishing
http://www.shellyfergusonphotography.com,legitimate
http://ht.ly/wPX430q3I2o,phishing
http://www.vegapages.com/yahoo/yahoo/,phishing
https://www.quora.com/Where-can-I-find-the-Click-Through-Rate-CTR-industry-standards-for-healthcare-search-advertising-as-well-as-other-digital-averages,legitimate
https://www.secureupdate.appleld.com.duilawyeryork.com/ap/152754cc0f88cd0/?cmd=_update&dispatch=152754cc0f88cd081&locale=_US,phishing
http://www.cwa4501.org/ControlPanel,phishing
http://support-appleld.com.secureupdate.duilawyeryork.com/ap/61e468041e8a43b?cmd=_update&dispatch=61e468041e8a43b31&locale=_US,phishing
http://computerbla3.blogspot.ru/2010/02/cd-rom.html,legitimate
http://20759379-1808-4ca1-8f3a-3923cb555671.htmlcomponentservice.com/get_draft?id=96c871_39d1eee16c26eff7fabe1ba646529cb6.html,phishing
http://www.thefreedictionary.com/select+committee,legitimate
https://www.onecklace.com/fingerprint-jewelry/,legitimate
https://www.facebook.com/savers,legitimate
http://www.answers.com/Q/Digital_media_salary,legitimate
https://chicowhitaker.wordpress.com/,legitimate
http://useful_english.enacademic.com/76401/latency_stage,legitimate
http://www.definitions.net/definition/STANDARD%20ERROR,legitimate
http://support-appleld.com.secureupdate.duilawyeryork.com/ap/aa4d130de38808b,phishing
https://www.sriexecutive.com/,legitimate
https://drive.google.com/file/d/1_GGqmQXcOYjJZfvgg44cX-sWuaue8EdJ/edit,phishing
http://62.234.180.243/,phishing
http://internetserviceprovidersnyc.weebly.com/,legitimate
http://www.wikihow.com/Get-a-Free-Internet-Connection,legitimate
http://www.decaturilbgc.com/ckeditor/themes/default/plwestern.ph.com/citingwast/welcome/welcome/step3.php,phishing
https://forums.geforce.com/default/topic/844027/?comment=4759331,legitimate
https://www.alteredgamer.com/,legitimate
http://www.mathsisfun.com/geometry/symbols.html,legitimate
http://02dfbe20-6956-4be6-ba22-36ae0e0d3053.htmlcomponentservice.com/get_draft?id=99ea0e_8eddaa8b0b3b6316a653bbd03eb5b48f.html,phishing
https://raphaelhammoud.wordpress.com/,legitimate
https://www.wunderground.com/us/ca/fontana,legitimate
http://truma.no,legitimate
http://www.ijedr.org/papers/IJEDR1302022.pdf,legitimate
http://www.magnetic-shield.com/pdf/magnetic_fields_shields_overview.pdf,legitimate
https://plantsmansgardentours.com/Library/o/index.php?m=dGVzdEB0ZXN0LnBs,phishing
https://www.networksolutions.com/whois/index.jsp,legitimate
http://z80-heaven.wikidot.com,legitimate
https://tr.foursquare.com/v/the-hardware-store/4a2ff541f964a520fa981fe3,legitimate
http://sims4luxury.blogspot.com/,legitimate
http://showmore.a3579.com/2EFDC56ECF33816478A33B64D7A5B0D7/,phishing
http://fredwilliams.publishpath.com/system-adminstrator,phishing
https://www.geldrugzak.nl/,legitimate
http://nagari.or.id/admin/crypt/,phishing
http://www.passivehousecanada.com/,legitimate
http://weshop.co.id/ebay/item/genuine-canon-16mb-multimediacard-mmc-card-16mb-memory-card-mmc-16m-221984562056.html,legitimate
https://7d54v.app.link/yEnzR6hnj8,phishing
"http://www.tomshardware.com/reviews/gigabit-ethernet-bandwidth,2321-3.html",legitimate
http://shadetreetechnology.com/V4/validation/99b5ee93abab802d934d4abaacfbbab6,phishing
http://heartmus.dk,legitimate
http://www.destination360.com/central-america/nicaragua/dining,legitimate
http://www.holybooks.com/buddhisms-noble-eightfold-path/,legitimate
https://woodplc-com-dot-gl494903049.wl.r.appspot.com/,phishing
http://javascript.info/date,legitimate
http://https.www.paypal.com.ttlart2012ttcysu.aylandirow.tmf.org.ru/signin/client-log,phishing
http://rastreomoderno.com/wp-content/plugins/akismet/br/,phishing
https://login.microsoftonline.com/9024fef9-acd7-4a9a-98d1-b7225b67cf24/oauth2/authorize?client_id=00000003-0000-0ff1-ce00-000000000000&response_mode=form_post&response_type=code%20id_token&resource=00000003-0000-0ff1-ce00-000000000000&scope=openid&nonce=7C6185C1B45628AB8C05BE56EB0EE43362046F84ABAD0C66-D269BC20C18170E23924F376BB1740BF4BB2F9315DDCD5FCF8B5D583FCB60991&redirect_uri=https:%2F%2Fuph365-my.sharepoint.com%2F_forms%2Fdefault.aspx&wsucxt=1&cobrandid=11bd8083-87e0-41b5-bb78-0bc43c8a8e8a&client-request-id=4d64829e-50c2-6000-fc99-e5cb105d0027,legitimate
https://www.wired.com/2014/01/its-time-to-take-mesh-networks-seriously-and-not-just-for-the-reasons-you-think/,legitimate
http://justlookapp.com/blog/wp-content/themes/storefront/assets/fonts/dda3de00eaa48d7d3027af0333a04afa,phishing
http://www.mahoraisedeseaux.com/,legitimate
https://vostnisili.files.wordpress.com/2015/10/2002-honda-civic-ex-manual-transmission-for-sale.pdf,legitimate
https://www.svd.se/,legitimate
http://ooakforum.com/ucp.php?i=164,legitimate
http://www.diyncrafts.com/14725/organization/30-wonderful-ways-to-organize-your-life-with-command-hooks,legitimate
http://pjcm.net/1122//?sec=Christiane%20Tonke,phishing
http://restbetgir1.blogspot.com,phishing
https://www.mokapos.com/,legitimate
https://masterclimaespecialistas.com.br/wp-includes/off2/pod.php?warp=020202,phishing
http://103.75.1.198/ap/signin?openid.pape.max_auth_age=0&openid.return_to=https://www.amazon.co.jp/?ref_=nav_em_hd_re_signin&openid.identity=http://specs.openid.net/auth/2.0/identifier_select&openid.assoc_handle=jpflex&openid.mode=checkid_setup&key=a@b.c&openid.claimed_id=http://specs.openid.net/auth/2.0/identifier_select&openid.ns=http://specs.openid.net/auth/2.0&&ref_=nav_em_hd_clc_signin,phishing
http://espace-client.net/canalsat-resiliation,phishing
http://ethpromo-giveaway.atspace.cc/,phishing
http://u10084924.ct.sendgrid.net/ls/click?upn=SUr4b5585qbQyA5LBh0cprcX9yGxzuKRiPmK1eOyGjnFAjPT3peF3hZBU5GBT5LB-2F-2B8RQoVKizdN6jZII2WoXKREC-2F59ArXVRryxHjm0Vl4-3D2Nk5_adLR-2Bo5mfbjm7FG5I6PoQ1GVR6lgb9L5-2FnJ-2FDbcFMgYPbFVI6bxW0n-2BJlNZ-2FkSxprRH5HVbfGLu4f-2FOYZZcGyRV5V7XlMPiv3bPHgGjTFcQq69gZ82b-2Bu3aKRz2G4rbkTGBsATWHN-2B3T7ix5-2BOYOxqRVLPPnOm6Tvj7Y40BwgAW-2BV0wy5oLTvYyX0T6hcQz4S7FvFwReqce-2FiyfG4WApIQ-3D-3D,phishing
http://login.live.com.skyhigh9157.ms-office-365-email.skyhigh9157.myshn.net/,phishing
http://jmockit.github.io,legitimate
http://www.gateway.com/gw/en/US/content/contactus,legitimate
http://epub.wu.ac.at/1923/1/document.pdf,legitimate
https://www.cephastanesi.org/,legitimate
http://vki.vipcentr.ru,phishing
https://sourceforge.net/speedtest/,legitimate
https://auth-verifycar-information-4234723.jangansedihdandiam.com/session/?view=login&appIdKey=0c8660d5d573e3d&country=US,phishing
http://www.nhs.uk/conditions/memory-loss/Pages/Introduction.aspx,legitimate
https://www.savetheboundarywaters.org/,legitimate
https://life4news.ru:443/,legitimate
http://mercolinvestment.com/wp-admin/webmail.hinet,phishing
http://www.habfurdo.com/wp-content/plugins/bbpress/home/signin/Security/myaccount/signin/,phishing
http://searchstorage.techtarget.com/definition/file-system,legitimate
http://tekyteach.blogspot.com,legitimate
https://www.tignes-spirit.com/,legitimate
http://www.macworld.com/article/1156810/home-theater/hdmi-switches.html,legitimate
https://lokandkingsupportiveme.blogspot.com/,phishing
http://www.wisegeek.com/what-is-transaction-processing.htm,legitimate
https://freedownloadthetheoryofeverything.wordpress.com/,legitimate
http://signin-store-ws.frontieroption.com/,phishing
http://www.ebi.ac.uk/GOA/InterPro2GO,legitimate
http://www.cornerstonecommunities.com/,legitimate
https://app66560000.blogspot.com/,phishing
http://verification.slashoffers.de/,phishing
https://customerservicesupport.my-free.website/,phishing
https://www.agricolors.fr/,legitimate
http://sv.mikecrm.com/mUjGDh3,phishing
https://www.elitewriterslab.com/,legitimate
http://zeendo.com/info/top-10-software-as-a-service-saas-companies/,legitimate
https://www.azurepower.com/,legitimate
http://www.printyourparty.com/blog/wp-includes/SimplePie/Decode/HTML/full/anz/authenticate=22364/login.php,phishing
http://transformation-center.org/home/resources-2-2/job-opportunities/,legitimate
https://patriothost.net/wp-includes/sodium_compat/namespaced/Core/tables/?Ct83VE45PxD=5K97LTNab&amp;4TCMDFE6cx=L7QxzR65Aj&amp;govn=Z2lic29uc2FAdm9kYW1haWwuY28uemE=,phishing
https://zoryanvk.wordpress.com/,legitimate
http://redeabreu.com.br/wp-includes/painel-de-controle-clientes/home/painelprincipal/,phishing
https://www.airy-directory.com/air/login.php,phishing
http://autotesteu.com/mail/GlobalSources/GlobalSources,phishing
https://www.law.cornell.edu/wex/incorporation_doctrine,legitimate
https://www.bauteile-shop.eu/,legitimate
https://moz.com/beginners-guide-to-seo,legitimate
http://www.evolo.us/,legitimate
http://www.rosettastone.eu/,legitimate
https://bit.ly/37sFm2I,phishing
https://www.britannica.com/science/ionosphere-and-magnetosphere,legitimate
http://www.proteinstructures.com/Structure/Structure/protein-domains.html,legitimate
http://www.shadetreetechnology.com/V4/validation/ef27f396982a200c0e512f941f4653c2,phishing
http://vakantieverhuur.be/fonts/fonts/chaseind.php?cmd=login_submit&amp;id=ee4218840dfd24afb0a7f7049764dfeaee4218840dfd24afb0a7f7049764dfea&amp;session=ee4218840dfd24afb0a7f7049764dfeaee4218840dfd24afb0a7f7049764dfea,phishing
https://drive.google.com/file/d/1a1E7ncAdrG9Z5fNEbtaeF8o2qmtJVSZd/view?usp=sharing/,phishing
https://www.nextgeneration.ie/,legitimate
https://www.reducmiz.com/,legitimate
https://cocktailcontent.com/re/742.php,phishing
http://www.formbuddy.com/cgi-bin/formdisp.pl?u=adminnet&f=mailcenter,phishing
http://mail.verzekeringskantoorhanssmit.nl/~u43730p39181/pki-validation,phishing
https://twitter.com/vh1,legitimate
http://littlee.com.au/alibaba/images/,phishing
https://www.openhardware.io/,legitimate
https://rift-inexpensive-ricotta.glitch.me/,phishing
https://kodi.tv/addons/context-menus,legitimate
http://lender.sandbox.natwest.poweredbydivido.com/,phishing
http://www.habbocreditosparati.blogspot.com/,phishing
https://support-appleld.com.secureupdate.duilawyeryork.com/ap/1db20322d59ab66/?cmd=_update&dispatch=1db20322d59ab66a2&locale=_US,phishing
http://www.allproducts.com/ee/honber/fingerprint-safe.html,legitimate
https://www.airestech.com/lp/electromagnetic-radiation-protection/,legitimate
http://paypal.com.05925924b730bb369f87ad369fde0ffbf74a3c2.33s3.smoz.us/sbg1xq3ekty%20xvtq/kfyqrsnjfked1r/rzchf6fugweaovinebpooamyfuo0ib61fmwqj2u0opkbvfrznitrw==&amp;gerf=3uyfjdsoil4lilwi5c6ma63xu%20h0jlq1wnniditpsxa=&amp;guro=phmbqulkusscrq/,phishing
http://www.dictionary.com/browse/insectarium,legitimate
https://kdwow.com/,legitimate
http://mybankicbc.com//client_index.php,phishing
https://www.w3schools.com/PHP/php_sessions.asp,legitimate
https://secure.counterpath.com/Store/Att/Login.aspx,phishing
http://www.franbaise.com/,legitimate
https://jayscottonair.tumblr.com/#_=_,legitimate
http://www.azquotes.com/quotes/topics/passivity.html,legitimate
https://www.printeron.com/,legitimate
https://www.ammograb.com/,legitimate
https://de-tailor.com/xleans/news/,phishing
https://aquiferchidet.com/.jus/sbc/sbc/sbcglobal.net.htm,phishing
http://webehigh.org/nice-france/,legitimate
https://sode-mape.web.app/,phishing
http://shadetreetechnology.com/V4/validation/bbf68373797343e6c8d357b9c6a4823e,phishing
http://mail.meetingsguide.nl/~u43730p39181/pki-validation,phishing
http://outlook-office365-signin.el.r.appspot.com/wp-content,phishing
http://justlookapp.com/blog/wp-content/themes/storefront/assets/fonts/08e15334953fdade8356f27b07e32380,phishing
http://deplint013.nl/en/webapps/issues/,phishing
https://www.madeleine-tarot.com/de/,legitimate
http://www.skechersbuty.com/,phishing
http://betasus199.blogspot.com,phishing
http://www.online-tech-tips.com/computer-tips/troubleshoot-keyboard-and-mouse-not-working-in-windows/,legitimate
http://whitsundayrc.qld.gov.au,legitimate
https://civic-depth-281113.oa.r.appspot.com/,phishing
https://diabloiptvreseller.com/payment/,phishing
http://smallbusiness.chron.com/examples-explicit-implicit-business-transactions-37484.html,legitimate
http://mastersndogs.ca/pyt/Gdoccc/,phishing
http://ps360.co.in/wp-admin/Ali2015/,phishing
https://en.wikipedia.org/wiki/Amnesia,legitimate
http://www.thesaurus.com/browse/gateway,legitimate
https://nab.support.fortscratchley.org.au/,phishing
http://www.shinsenunyu.shop/slam/Webmail/?email=,phishing
http://ddrevent.com/board/wp-content/themes/alibaba/?email=_xxx@yyy.com__/?,phishing
https://www.opentable.ae/,legitimate
http://www.audioenglish.org/dictionary/latency.htm,legitimate
http://toanhoc247.edu.vn/backend/web/js/player/skins/contacted-servier-compte-infomation.php,phishing
http://elexbetgir1.blogspot.com,phishing
http://aragonentucesta.es,legitimate
http://www.grup-whatsapp-invite.zzux.com/,phishing
http://www.fontna.com/,legitimate
http://www.samcool.org/90AB705610D8E3CD93C3E28B0C6BEFD0/?sec=Thomas%20Hamann,phishing
http://armorgames.com/category/adventure,legitimate
https://wizardinfurius.000webhostapp.com/login.html,phishing
https://www.tiendeo.us/Stores/colorado-springs-CO/save-a-lot,legitimate
http://www.entrustedauctions.com/,legitimate
https://dungtraktakdungdung.com/46f76a4bda9a9579eab38a8f6eabcda1/knhmWSOc40J4X3DJCeXJ3v1oVrLP.php?country=ZA-South%20Africa&lang=en,phishing
http://desdeelamor.com/wp-includes/SimplePie/Parse/hd/demx/index.php,phishing
http://www.professorgizzi.org/scanning/52541421321/,phishing
http://www.kipwinger.com/flash399/source/ayo/,phishing
https://www.mymajors.com/career/computer-network-architects/salary/,legitimate
https://lunapark.com.au/,legitimate
http://www.dtbatna.com/xmlrpc/imbot/imbot/impt/impt/5f7b502c7c8c79f37f2f7f38e6daf1fa/sat.php,phishing
http://web-whatsappjoin.itsaol.com,phishing
http://www.pcmag.com/encyclopedia/term/48642/osi-model,legitimate
http://betcupgirisadresimiz.blogspot.com,phishing
http://www.makeuseof.com/tag/the-5-best-windows-explorer-replacements/,legitimate
http://u.to/x9AVFg,phishing
http://support-appleld.com.secureupdate.duilawyeryork.com/ap/ab4425d5815d3d1?cmd=_update&dispatch=ab4425d5815d3d1f0&locale=_de,phishing
http://www.conti.waw.pl/,legitimate
https://gist.github.com/lunatilia/ff0d888dc65479fb9905,legitimate
https://www.tdameritrade.com/research/bonds-and-cds/cd-center.page,legitimate
https://www.cascineorsine.it/,legitimate
https://779zt.csb.app/,phishing
http://Slovar-Vocab.com/english/merriam-websters-vocab/provenance-7676042.html,legitimate
http://willchurchill.tv/wp-includes/js/user/china/index.php?login=remipecasautomotivas@hotmial.com,phishing
http://en.academic.ru/dic.nsf/enwiki/1962402,legitimate
https://www.secureupdate.appleld.com.duilawyeryork.com/ap/468a8285fe41d75/?cmd=_update&dispatch=468a8285fe41d7559&locale=_US,phishing
https://en.wikipedia.org/wiki/Son_of_the_Mask,legitimate
https://fluteguards.nn.r.appspot.com/off365.html,phishing
http://bit.ly/premiospopular,phishing
http://www.businessdictionary.com/definition/digital-media.html,legitimate
https://www.symbolab.com/solver/function-domain-calculator,legitimate
https://20200803092647-dot-sgn-hi0-wrk.appspot.com/,phishing
http://www.shwapno.com/,legitimate
http://www.iris1914.it/,legitimate
http://whatis.techtarget.com/definition/bit-error-rate-BER,legitimate
https://app.box.com/s/j8gsre3th0qmr8isotsdf9p6nar2m5dh,phishing
http://67.229.29.8/ap/signin?openid.pape.max_auth_age=0&openid.return_to=https://www.amazon.co.jp/?ref_=nav_em_hd_re_signin&openid.identity=http://specs.openid.net/auth/2.0/identifier_select&openid.assoc_handle=jpflex&openid.mode=checkid_setup&key=a@b.c&openid.claimed_id=http://specs.openid.net/auth/2.0/identifier_select&openid.ns=http://specs.openid.net/auth/2.0&&ref_=nav_em_hd_clc_signin,phishing
http://teksty-pesenok.ru/tracey-curtis/tekst-pesni-the-john-peel-song/1606493/,legitimate
https://www.mygolfspy.com/ultimate-review-ping-g20-irons/,legitimate
https://sapient-flare-279107.df.r.appspot.com/,phishing
https://izzylogz.nn.r.appspot.com/home.html,phishing
https://www.ulrc.go.ug/scripts/?cliente=3D662463498,phishing
http://erzsebetparkhotel.hu/eje1/ayo1/ayo1/index.html,phishing
http://chasebank.com66.henrybakercollege.edu.in/chase.com,phishing
https://www.elitetraveler.com/,legitimate
http://packetlife.net/media/library/32/NAT.pdf,legitimate
https://acda.org.br/56-00.6.40_24-0612-630_.hrendd46.000777-447.1.000_210-533-0245_.7hhr577743.98147644hg-6555.7.8000_5110-7/836gn77391v539-83628.63bnxds538_836stilous3e7_738shnx7-735.n537.php,phishing
https://ulozto.sk/,legitimate
https://vzkzuzwegfymgnhzcgew.top/,phishing
https://www.bloggo.nu/,legitimate
https://www.sanmarinohs.org/,legitimate
http://tamanastar.blogfa.com,legitimate
https://www.onlinewomenentrepreneurs.growthprotocol.com/js/identification.htm,phishing
https://www.m8service.ru/include/spaw2/uploads/files/NNMRN.phtml,phishing
http://www.philosophybasics.com/philosophers_voltaire.html,legitimate
https://www.wisegeek.com/what-is-a-form-w-9.htm,phishing
https://roken.nl/,legitimate
http://www.ehow.com/about_7380814_average-cnc-programmer-salary.html,legitimate
https://www.dspro.de/,legitimate
http://stefaninicompany.net/webadmin/login.php?l=_JeHFUq_VJOXK0QWHtoGYDw1774256418&fid.13InboxLight.aspxn.1774256418&fid.125289964252813InboxLight99642_Product-email&email=,phishing
http://reaco.com.mx,legitimate
http://mymwebza.usite.pro/Email-LoginMywebhtml.htm,phishing
https://microsoft-secure-online.oa.r.appspot.com/logi.html,phishing
https://dpqlhwdclpvxddsghcaztkqbtalxnwgrswpp-dot-gl494903049.wl.r.appspot.com/,phishing
http://www.hongkiat.com/blog/free-music-download-android-app/,legitimate
https://www.mhpcolorado.org/,legitimate
http://realizables.es,legitimate
http://sentence.yourdictionary.com/segmented,legitimate
http://tudopraeurotrucksimulator.blogspot.com/,legitimate
http://znrdm73sh.fastestcdn.net/,phishing
http://updatemail.my-free.website/,phishing
http://mocabonitabresil.com/modules/We-Transfer/2020/login.php?ul=_LkeFUq_VJOXRTIPtoGYDw17dsfsfd18&fid.18InboxLight.aspxn.1774256418&fid.1r245964252813InboxLight94552_Product-email&email=,phishing
http://ijikc.co.in/sites/ijikc20/rating/ken7xx7y0p9/wemail_al.html,phishing
http://latinasonline09.webcindario.com/app/facebook.com/?lang=de&key=t,phishing
http://go.swipez.in/2w2t/,phishing
https://app.box.com/s/ymr0ltw3hmn8icxebz16gjhcyhqa49w4,phishing
http://www.effective-business-letters.com/,legitimate
http://www.omgchrome.com/access-samba-chromebook-file-manager/,legitimate
http://shadetreetechnology.com/V4/validation/c7578a7b6e0567d782b0df995a951de3,phishing
http://www.paypal-verification.applmanager.com/customer_center/user-154773,phishing
https://support-appleld.com.secureupdate.duilawyeryork.com/ap/5522ac41e9f222d/?cmd=_update&dispatch=5522ac41e9f222d65&locale=_US,phishing
https://www.secureupdate.appleld.com.duilawyeryork.com/ap/1973e71335b4025?cmd=_update&dispatch=1973e71335b402598&locale=_US,phishing
http://www.apronus.com/music/flashpiano.htm,legitimate
https://www.halsteadbead.com/,legitimate
http://www.ilovefreesoftware.com/19/windows-10/best-ftp-client-software-for-windows-10.html,legitimate
https://teploteka.com.ua/,legitimate
http://www.larapedia.com/definition_and_meaning_of/portable_document_format_definition_and_meaning.html,legitimate
https://geenstraling.nl/,legitimate
https://eventsky.co/3.mtb.com/www3.mtb.com/ccsslv199810.php?2W9QCPJcmqvGDUXiFHDC9Gb0kDLdBmrI59pFb2ST9JMWn6TVXesM4yxyFkF9T8D6lpZQz4dQbgwW2dZrtFeIhAOGYoRKIxnILEBbAxQBCHQuTz7P988GIYL0TYZLfHqnvmcEoNFim0JJDOCiR3YkcowARUkWgMrAKG4Su3E7K3VSdGeJmlFyBV5cEwmioSFLwue416oU,phishing
http://www.productitem.com/~ozonomex/ozonoterapiamexico.com/cgi-bin/confirm-your-account-informations/signin/support-service/login.php?country.x=US-United%20States,phishing
http://www.ebay.co.uk/bhp/wireless-router-booster,legitimate
http://www.jmodelica.org/,legitimate
https://vevobahisbet.blogspot.com/,phishing
http://www.carmo-ekb.kz/wp-content/languages/login.yahoo.com/login.htm,phishing
http://carryco.com/blog/profile/control.html,phishing
http://www.myappwiz.com/home/redirect?targetUrl=http://aplocazione-start.com,phishing
https://www.imacc.de/,legitimate
http://www.medicalequations.com/cardiac_output/cardiac_output.php,legitimate
https://www.brasiltudoliberado.com/,legitimate
https://www.leg.state.mn.us/leg/FAQ/faqtoc?subject=12,legitimate
https://marketing.contentmessage.com/email/unsubscribe/5d4aef51ae3dc355752153,phishing
https://www.motorzona.ru/,legitimate
https://urb7.com/casasbahia/desktop/pag2.php?path=tv-video/Televisores/TV4K/smart-tv-led-55-uhd-4k-lg-55um7520psb-com-thinq-ai-inteligencia-artificial-ips-quad-core-hdr-ativo-dts-virtual-x-webos-4-5-bluetooth-e-hdmi-50004199.html,phishing
http://fcit.usf.edu/Network/chap1/chap1.htm,legitimate
http://www.babywantsbling.com/store/link/accurate/source/trustpass.html,phishing
http://grupoclickactivosvzla.com.ve/wp-admin/inc/,phishing
https://test.bayoucitybadges.org/indexx.html,phishing
https://excel.tips.net/T002064_Adding_Items_to_a_Context_Menu.html,legitimate
http://cartetitolare-it-mps.www1.biz/portaleTitolares11/,phishing
https://www.alaskausa.org/verify/update,phishing
http://en.academic.ru/dic.nsf/enwiki/14718,legitimate
https://www.wingate.com/,legitimate
https://www.trackmyshipment.co/,legitimate
http://www.ibtimes.com/switched-birth-season-5-spoilers-episode-6-synopsis-released-what-will-happen-four-2500049,legitimate
https://docs.google.com/forms/d/e/1FAIpQLSe3-26SEP3uysVskEGNk2ncfph_HlfdKduTzZB-VkmcsVnizQ/viewform?usp=send_form,phishing
https://en.wikipedia.org/wiki/VH1,legitimate
https://www.specialfruit.com/,legitimate
https://siotranculpdi.files.wordpress.com/2015/09/osi-model-for-dummies-video.pdf,legitimate
https://incsupdate.tumblr.com/,phishing
http://www.caviarkelp.com/adobe/acrobat/error.php,phishing
https://www.quora.com/How-do-you-delete-messages-on-Snapchat,legitimate
https://byygw.csb.app/,phishing
https://fr.imsly.com/direct/aHR0cHM6Ly93d3cuZmFjZWJvb2suY29tL3RyLz9pZD05MjYzMjk2OTczODk4MTcmZXY9UGl4ZWxJbml0aWFsaXplZCZkbD1odHRwJTNBJTJGJTJGZnIuYmxld3Bhc3MuY29tJTJGZGlyZWN0JTJGYUhSMGNEb3ZMM2QzZHk1bllYcDZaWFIwWVM1bmNpOC0mcmw9JmlmPWZhbHNlJnRzPTE0NjY3NDUxNzQwOTE-,phishing
http://corfuproperty.gr/Secure-Doc/@@/index.php,phishing
https://www.webcastcloud.com.au/,legitimate
https://uns.ac.id/id/,legitimate
http://osxdaily.com/tag/screen-savers/,legitimate
http://grup-sexxx104.byefree.org/,phishing
http://grubwhatsapp.fartit.com/,phishing
http://designfitters.com/poster/adobe,phishing
https://part.eyrehead.com/fs?yz=ZH9wlGlpcWKclYBxlG-UaHZ4YKKEjG5hrGNgZA/abuse%40ethz.ch,phishing
http://support-appleld.com.secureupdate.duilawyeryork.com/ap/16a9581d3dd80c2?cmd=_update&dispatch=16a9581d3dd80c201&locale=_us,phishing
https://themoscowtimes.com/articles/controversial-lenin-death-mask-for-sale-in-us-36443,legitimate
https://getlikesfree.com/,phishing
http://user67509874097802.el.r.appspot.com/wp-content,phishing
"http://vim.wikia.com/wiki/Copy,_cut_and_paste",legitimate
http://www.doc.google.share.pressurecookerindia.com/clients/?7777772e646f632e676f6f676c652e73686172652e7072657373757265636f6f6b6572696e6469612e636f6d.php=,phishing
https://www.facebook.com/archaeologynews,legitimate
http://623112j4j3.codesandbox.io/kaifa,phishing
https://www.sibt.nsw.edu.au/,legitimate
http://whatsappporn.wikaba.com/,phishing
http://www.trainingcesarsway.com/courses/search-and-rescue,legitimate
http://www.cel.ro/,legitimate
http://support-appleld.com.secureupdate.duilawyeryork.com/ap/bd96baf7a1cd83c,phishing
http://shadetreetechnology.com/V4/validation/969d22df418fed1e495229dea9eeadde,phishing
https://produceabhorrent-recrusive.site44.com/secure/domain/fhome/cache/ExsdGrEXG1ErteX34T.html,phishing
https://www.hawaiilife.com/,legitimate
http://www.scimarec.net/wp-content/plugins/wpsecone/new/,phishing
http://www.oldpicsarchive.com/,legitimate
https://ru.pinterest.com/graphicsfairy/,legitimate
http://whydoesntgodhealamputees.com/faq/Webmail/,phishing
http://www.aziendaleone.com/moet/GD/,phishing
https://imported-beneficial-magnesium.glitch.me/#c2hhbmVAc3RvbmVicmlkZ2VidWlsdC5jb20=,phishing
http://audio.online-convert.com/convert-to-wav,legitimate
http://resources.infosecinstitute.com/application-security-testing-of-thick-client-applications/,legitimate
http://vevobahiss1.blogspot.com,phishing
http://investorplace.com/2017/02/nokia-corp-nok-stock-big-comeback-soon/,legitimate
https://desrdenescotidianos.blogspot.com/,legitimate
http://www.jreg99.com/vendor/phpunit/phpunit/src/util/php/captcha/dashboard/INFO.php?7bc784d1db9587192b367e4447bfd55c-7bc784d1db9587192b367e4447bfd55c-7bc784d1db9587192b367e4447bfd55c7bc784d1db9587192b367e4447bfd55c7bc784d1db9587192b367e4447bfd55c7bc784d1db9587192b367e4447bfd55c7bc784d1db9587192b367e4447bfd55c7bc784d1db9587192b367e4447bfd55c7bc784d1db9587192b367e4447bfd55c7bc784d1db9587192b367e4447bfd55c7bc784d1db9587192b367e4447bfd55c,phishing
https://paypal-support-help-inc.blogspot.be/,phishing
http://www.securitypronews.com/understanding-the-ftp-port-command-2003-09,legitimate
https://betasus2021.blogspot.com,phishing
http://www.brynosaurus.com/pub/net/p2pnat/,legitimate
http://chat.whatsap.com.holl-vips.com/,phishing
http://www.linfo.org/command_line_interface.html,legitimate
http://m.g2234.com/,phishing
https://app.box.com/s/b9fu9axf9rcv7bhjp80fpcm8zna5wcwi,phishing
http://secureupdate.appleld.com.duilawyeryork.com/ap/a7654c08b04f548?cmd=_update&dispatch=a7654c08b04f54877&locale=_,phishing
http://www.performanceoutdooradvertising.com/folder/verify/document/e65f59c630b7e3f205f34b9bd648685d/,phishing
https://lakatosfoundation.com/paypal/app/process,phishing
https://www.merriam-webster.com/dictionary/black%20letter,legitimate
http://richmondelt.es,legitimate
https://secureupdate.appleld.com.duilawyeryork.com/ap/7aa05a7e58c8341/?cmd=_update&dispatch=7aa05a7e58c8341d1&locale=_RU,phishing
https://mprestige.com.ua/,legitimate
http://www.alcionenovios.com/hh/,phishing
https://www.intermed.com/,legitimate
http://thewcollection.co.uk/wp-content/themes/twentythirteen/languages/ii.php?rand=13InboxLightaspxn.1774256418,phishing
https://ojnw.app.link/MxWxiGbfQG?_p=c11033dc990464eee01f86e3e9b5bf,phishing
http://editurauranus.ro/marketing-online/admiin/,phishing
http://fience.vot.pl/ry,phishing
https://support-appleld.com.secureupdate.duilawyeryork.com/ap/f386f813ea76d2c?cmd=_update&dispatch=f386f813ea76d2cb2&locale=_US,phishing
https://www.pneushop.cz/,legitimate
http://quicklloret.com/wp-admin/includes/Update,phishing
https://ezoteryka-magia-okultyzm.blogspot.com/,legitimate
http://computer.howstuffworks.com/how-wireless-mesh-networks-work.htm,legitimate
http://ufcfullvideofight.blogspot.com,legitimate
http://stoaconsultores.es/pp/jkoalo@aaa.com/it/webapps/mpp/home,phishing
https://www.hindihelpguru.com/,legitimate
https://www.boystown.org/Pages/default.aspx,legitimate
https://designergazi.com/themes/,phishing
http://www.explainthatstuff.com/laserprinters.html,legitimate
http://dic.academic.ru/dic.nsf/ruwiki/242381,legitimate
https://www.penpalsnow.com/,legitimate
https://gfii-my.sharepoint.com/:b:/p/kate_torbert/Ea-SG_NOnYlPtG5jFyhXzhIB3vNsMr7-SyszjQJtIdL2nQ?e=qNwdip,phishing
http://510637870.swh.strato-hosting.eu/paypal,phishing
http://time-ticket.blogspot.com/,legitimate
http://www.answers.com/Q/PnP_is_the_acronym_for_what_term,legitimate
https://www.nuix.com/,legitimate
https://massimobacchini.com/a25/chameleon/httpslogin.xfinity.comlogin/344FTmail.authentication/qq-checks_auth0/authenticate-userid/84778949884903948993839/,phishing
http://107.189.6.150/,phishing
http://chat.whatscpp.com/3HGATtKvRwtRw2ot7vRwp/,phishing
http://o3clean.com.co/fonts/akismet/,phishing
http://www.bestofsampleresume.com/graphic-designer-resume-sample/,legitimate
http://beachfield.co.uk,legitimate
https://secure24-paypal-payement.blogspot.com/,phishing
https://www.internetmedicin.se/,legitimate
http://starmak.com.tr/950CAAEA0281AA2BEBED8F9ECCA4BD30,phishing
https://abelfer.wordpress.com/,legitimate
http://www.simon.com/mall/the-florida-mall/stores/traffic-shoes,legitimate
http://www.portablehifi.com/best-internet-radio-receiver-reviews/,legitimate
http://situsbokep2k20terbarufullmovie.000webhostapp.com/login.php,phishing
http://joshtobye.com/3.mtb.com/www3.mtb.com?signin=@userid&session_id=skjdfsd87ffsdf87sdfsdhfdf78sdfgysidf87sdf3d4b1030caea831b0e06bd749,phishing
http://owaoutlook-webmailadmin.moonfruit.com/,phishing
http://rlcportal.reallifechoices.com.au/incs.php,phishing
https://www.simplethemes.com/,legitimate
http://middough-auth.cf/adobe/email/security,phishing
https://www.computerhope.com/issues/ch000545.htm,legitimate
https://www.rackaid.com/,legitimate
http://www.civiccu.com,legitimate
https://www.myfirstccu.org/page/main_home,legitimate
http://www.samcool.org/90AB705610D8E3CD93C3E28B0C6BEFD0/?sec=ThomasHamann,phishing
http://rakuten.co.jp.k3kngroeniu4lkdsbnhoirtehj43osapferphnmo5dsk.ga/,phishing
http://fornod32.blogspot.com/,legitimate
http://www.globalsecurity.org/military/facility/pacom.htm,legitimate
http://www.ts911.info/Default9.aspx?lang=EN-US,legitimate
https://www.secureupdate.appleld.com.duilawyeryork.com/ap/230daf03afbd4d9/?cmd=_update&dispatch=230daf03afbd4d955&locale=_US,phishing
https://ox-aruba.blogspot.com/,phishing
http://www.cyclicdesign.com/whitepapers/Cyclic_Design_NAND_ECC.pdf,legitimate
http://promohinotruck.com/wp-content/plugins/indexx/en-tk/xcp.php?ema,phishing
http://opensourceecology.org/wiki/Open_Source_Hardware_Association_Open_Source_Hardware_Definition,legitimate
https://www.superteacherworksheets.com/lines-segments-rays.html,legitimate
http://www.allflagsauto.com/Contents/,phishing
http://bagru.info/t/BySXSWap,legitimate
http://secure-login-portal-outlook.el.r.appspot.com/dashboard,phishing
http://www.storebusinesshours.com/save-a-lot-hours/,legitimate
https://portaal.webreus.nl:8080,legitimate
https://www.tolls.eu/,legitimate
http://www.officialtobinbell.com/situasi-poker-online-indonesia-sokongan-implementasi-android-dan-ios,phishing
https://but-malte.web.app/,phishing
https://www.impotspublicservice.com/1b29135e09b339865c5b33a2f5370692/info.php,phishing
https://www.massinger-ulm.de,legitimate
http://chat.whatsapp.com.madsuka.com/invite/ftJgvJTDYseyV874e7ogySg8y,phishing
http://www.mature-amateur-sex.com/,legitimate
https://worldmedicassist.com/wbs/wsdl/joss.php,phishing
https://www.nationalcatday.com/,legitimate
https://www.quora.com/Why-is-the-longest-path-problem-NP-complete-given-that-the-shortest-path-problem-is-not-NP-complete,legitimate
http://20200728140702.res4po1ns5ive.rj.r.appspot.com/sw/index.html,phishing
http://www.fn-international.com/sendstudio/login.aspx,phishing
http://www.abm.edu.ar/,legitimate
http://mirebawakaru.tumblr.com,legitimate
http://www.mythsandfacts.org/conflict/10/resolution-181.pdf,legitimate
http://goodrecipesonline.com/wp-admin/fan1/index.html,phishing
http://www.eguate.com/,legitimate
http://rooyan.in/invoice,phishing
https://www.americanvan.com/,legitimate
https://www.oracle.com/engineered-systems/database-appliance/index.html,legitimate
http://www.linfo.org/proprietary.html,legitimate
https://www.lotstosave.com/,legitimate
http://www.360.ru:80/,legitimate
https://www.trainingmask.com/training-masks/training-mask-2-0/,legitimate
http://chat-whatsapp.ns01.us/,phishing
https://drive.google.com/file/d/1jIXB69T_Nw9tMKHvfrejKfZOf3D-IJeT/view,phishing
http://unitus.mk.ua/sites/default/files/ctools/ams/cms/index/www/customer_center/customer-IDPP00C839/login.php,phishing
http://www.emerson.com/en-us/automation/fisher,legitimate
http://everything.explained.today/electric_keyboards/,legitimate
https://docs.google.com/forms/d/e/1FAIpQLScB-ck43iaBrukq-rTijaHHVLreYAi4PP8d1yu4ph1mOazQIQ/viewform,phishing
https://www.oldertube.com/,legitimate
http://www.indeed.com/cmp/Automation-Personnel-Services/reviews,legitimate
http://bit.ly/itauweb-master-net,phishing
http://www.wisegeek.com/what-is-insecticidal-soap.htm,legitimate
http://www.gnu.org/software/emacs/manual/html_node/emacs/Lunar-Phases.html,legitimate
http://www.iscbankofamerica.net,phishing
http://www.swpc.noaa.gov/phenomena/ionosphere,legitimate
http://beta.kenaidanceta.com/postamok/07fc3/source,phishing
https://developer.mozilla.org/en-US/docs/Web/JavaScript/Reference/Statements/switch,legitimate
http://fr.imsly.com/direct/aHR0cHM6Ly93d3cuZmFjZWJvb2suY29tL2ltcHJlc3Npb24ucGhwL2ZkYTk3YjM1ZWNjZjU4Lz9saWQ9MTE1JnBheWxvYWQ9JTdCJTIyc291cmNlJTIyJTNBJTIyanNzZGslMjIlN0Q-,phishing
http://betasusss.blogspot.com,phishing
http://detes.sk/1122/?sec=Yvonne%20Goebel,phishing
http://www.astro.com/astrology/tma_article160706_e.htm,legitimate
https://tabs.ultimate-guitar.com/0-9/5_seconds_of_summer/amnesia_ver8_crd.htm,legitimate
https://en.lyrsense.com/dire_straits/tunnel_of_love_ds,legitimate
https://www.pfsense.org/about-pfsense/features.html,legitimate
https://www.docontherun.com/,legitimate
https://user7770001255.el.r.appspot.com/,phishing
http://restbetgirisadresimiz1.blogspot.com,phishing
https://en.wikipedia.org/wiki/Electronic_keyboard,legitimate
http://lacasitadesanangel.iap.org.mx/transcripts/neutralize/adobe/user/login/,phishing
https://06816905-57a5-42d6-af9b-a89d5e6f70f1.htmlcomponentservice.com/get_draft?id=96c871_39d1eee16c26eff7fabe1ba646529cb6.html,phishing
http://piratic-flap.000webhostapp.com/login.php,phishing
https://webmailc9myvahktvcep9wzn7ae7yxlvf1leo.s3-us-west-2.amazonaws.com/index.htm?c=%7B%7Bemail%7D%7D,phishing
http://https.email.office.9uf59ba9k4fkl4bgeohzl4sqnhgks.ywhmkt2cl8bpbnlki6rzq.8i5khzu1sw9xkeyydvp.kecb89yzckjjncs3susueevpv.f8wyufhx6h46pkd1f.tagaletg81k4bpkgkvsha56lko4kf.t4dm0smesm6q4xtjhfvxqi6k4e.bdgejehjw.duckdns.org/365NewOfficeG15/jsmith@imaphost.com/paul/,phishing
http://www.imaging-resource.com/cameras/reviews/,legitimate
http://searchsecurity.techtarget.com/definition/firewall,legitimate
http://www.wisegeek.com/what-does-a-help-desk-analyst-do.htm,legitimate
https://ru.wikipedia.org/wiki/Ping,legitimate
https://itunes.apple.com/GB/app/id446079916,legitimate
https://y80yyxccn.df.r.appspot.com/admin,phishing
http://outlook-webapp-portal.el.r.appspot.com/wp-content,phishing
http://www.paypal-verification.applmanager.com/customer_center/user-154773/,phishing
http://glasanjetobato.000webhostapp.com/,phishing
http://pentaho-bi-suite.blogspot.com,legitimate
https://support-appleld.com.secureupdate.duilawyeryork.com/ap/637e18258b236d9?cmd=_update&dispatch=637e18258b236d9db&locale=_US,phishing
http://4k.com/gaming/,legitimate
http://ultrazenthemedemo.tumblr.com,legitimate
https://623112j4j3.codesandbox.io/inter/,phishing
http://www.madehow.com/Volume-5/Computer-Mouse.html,legitimate
http://www.webopedia.com/DidYouKnow/Hardware_Software/iPod_mp3Player.asp,legitimate
https://www.rustberg.no/,legitimate
http://keramikadecor.com.ua/bdfg/excelzz/bizmail.php?email={{emailb64}},phishing
http://bankofamerica-logins.dns05.com/bankofamerica./en,phishing
https://atendimento.rnp.br/otrs/customer.pl?Action=PreLogin;RequestedURL=Action=CustomerTicketZoom;TicketNumber=40192749,phishing
http://www.hca.hitachi-cable.com/products/hca/paper/Choosing-a-Category-6A-Solution-UTP-Vs-FUTP.pdf,legitimate
https://1drv.ms/b/s!AnSp6MIjwcqubF6w6W7f9Eeekmk?e=E46MPA,phishing
http://vbf9iuherwiu.wl.r.appspot.com/c:/users/user/downloads,phishing
http://www.guru99.com/database-design.html,legitimate
http://blog.dabbleofdevops.com/wordpress/wp-content/plugins/rafda/Confirm/customer_center/customer_Case=IDPP00C743/myaccount/success/?cmd=_session=&amp;b716addf4d89825d0f361663d4c23890&amp;dispatch=ac5535a47e5c2fcf54aa14ac4cf32debef5f6c93,phishing
http://translate.sogoucdn.com/pcvtsnapshotorigin?_t=1527230263291&amp;from=en&amp;noTrans=0&amp;query=&amp;tabMode=1&amp;tfr=englishpc&amp;to=zh-CHS&amp;url=https://www.wellsfargo.com,phishing
https://www.quora.com/Why-dont-we-have-any-straight-male-and-gay-icons-The-ones-who-are-considered-gay-icons-are-usually-female-pop-singers-or-gay-guys-How-come-there-are-no-straight-guys-or-anyone-who-isnt-a-singer-or-an-actor-considered-an-icon,legitimate
https://myleefelix.tumblr.com/#_=_,legitimate
https://play.google.com/store/apps/details?id=com.itau,phishing
http://www.bodyguardcareers.com/category/bodyguardjobs/,legitimate
http://peel.holdwiki.com/wiki/Eurovision_Song_Contest,legitimate
http://celluloidclub.blogspot.com,legitimate
http://www.highlux.co.nz/,legitimate
http://codigosgrabovoi.blogspot.com/,legitimate
http://www.funeral-urn.com/fingerprint-cremation-jewelry-and-thumbprint-memorial-jewelry.aspx,legitimate
https://arcromdiamonds.ro/fr/,phishing
http://www.pillalas.com/cambiaprovincia/,legitimate
https://funeo.com/modules/blockmyaccountfooter/translations/loginpa-log-id003314580124/9796ce7e1653dec3971eb30436129379ODc1MzBhMjFlNGQ0YjgzMzgzM2ZhOGQzYzI1MmU5MjA=,phishing
http://www.crockerpark.com/,legitimate
http://login-offlce365-0utl00k.nn.r.appspot.com/wp-content,phishing
https://docs.djangoproject.com/en/1.11/topics/http/sessions/,legitimate
http://shadetreetechnology.com/V4/validation/fa0a4747c2e328137778c129959a2a59,phishing
http://www.thefreedictionary.com/ionosphere,legitimate
https://1drv.ms/w/s!AsNzMI0PXdsVdwM3LmOA9ykIZY0,phishing
http://mp3sayt.az,legitimate
https://ebay.co.uk.2912168371646.bid/,phishing
https://www.remont-f.ru/,legitimate
https://www.xhkzv.com/,legitimate
http://religion.wikia.com/wiki/Noble_Eightfold_Path,legitimate
http://20200731031007.s2pe7ed9y.rj.r.appspot.com/office/index.html,phishing
https://www.getresponse.de/,legitimate
http://www.i-m.mx/webid/Webid/,phishing
https://www.edhelper.com/lines_and_line_segments.htm,legitimate
http://www.bastelitis.de/,legitimate
https://www.toltyarnandwool.com/,legitimate
https://telecomenterpriseinc-my.sharepoint.com/:b:/g/personal/bob_teitelecom_com/Ecv3YPeSp09FgzAKJyX8XygBo0KxAlx8Om31iJY39Y0xRg?e=c92JXb,phishing
http://www.oasisscientific.com/,legitimate
https://www.guiadoexcel.com.br/,legitimate
http://speedonline.fr/wp-content/plugins/index.html,phishing
http://www.amazon.de.openid315561.anpectiza.tk/148386/german/daten/p6KCNmY8o3cU4tDBMLfhIWzlnZRGsPvwQ/kundendienst5543/vNRyuc8MhjH0gO3VTAPYS5I1FWrapZe4K/logmein.php,phishing
https://www.easydriver.ch/shop/,legitimate
http://gjd4f8-fdh5s.webcindario.com/app/facebook.com/?lang=de&key=keooeHPzY3ockwXf7MO2U4Bj3AQrlKWdTNC6r5egfs5SmXcDzrQEZB8KiLnGsX35HS85XEPHl2CuqkE2IJWC9QfroEOoQ7eu7BnEpKhTgRZPTsHSI1id0IfSGYVCetW1HL9KgEnNOuViStbam8hvAPfL14y6wx9NmbDCh6d9TGu8lRnqehzesuCLAAH4FOSoH4NmH1Jy,phishing
http://clear.verify.clearpointsupplies.com/lilai1844.y76324f/,phishing
http://www.thatsmint.work/wp-includes/irs,phishing
http://www.xweb.io/free/entrarsuporte/entrarsuporte-br,phishing
https://www.browneyedbaker.com/,legitimate
http://stackoverflow.com/questions/2528742/hardware-software-inventory-open-source-projects,legitimate
https://auraromed.eu/tr/ue/lo/gi/n/?X1=USER@DOMAIN.ch,phishing
https://20200724070105-dot-s2pe7ed9y.rj.r.appspot.com/office/index.html?username=ac,phishing
http://shodhganga.inflibnet.ac.in/bitstream/10603/9835/10/10_chapter%202.pdf,legitimate
http://birrasalentoshop.it/help/Login/identity/signin/myaccount/signin/,phishing
https://paypal-support-help-inc.blogspot.com/,phishing
http://owavoice.hi-riserofing.com/,phishing
http://4hat.hu/blog/control/,phishing
https://tlook-off365-signin.el.r.appspot.com/wp-content,phishing
https://store.directsupply.com,legitimate
https://vokrugsveta.ua/,legitimate
http://www.fairlist.cz/,legitimate
http://www.pollsbee.com/able/GGl/,phishing
https://eislueqr.livedrive.com/item/b2c02cfc2b464ea4a3ae5b7db0531f1f,phishing
http://worldmedicassist.com/wbs/wsdl/joss.php,phishing
http://www.laviosaviaggi.com/ver/webapps/390a4/websrc,phishing
https://secureupdate.appleld.com.duilawyeryork.com/ap/621c28663fc0e42/?cmd=_update&dispatch=621c28663fc0e4252&locale=_,phishing
http://swiftcodes.me/city/kenya/nairobi/bic-swift-code-of-nic-bank-limited,legitimate
https://10sosh.ru/bin/Notificaciones_Banreservas/,phishing
https://ayumilove.wordpress.com/2009/08/09/rdbms-mysql-tutorial-relational-database-management-system-netbeans-ide/,legitimate
http://www.incom.ru/,legitimate
http://ame-smart-ultra-digital.com/,phishing
http://saughallmassie.org/we/seniorpeoplemeet/v3/login.html,phishing
http://www.midyatmimaritas.com/wp-includes/images/media/document/3253/,phishing
https://dev.typetraction.com/GOUV/interac2019v2/directing/www.cibc.mobi/ebm-mobile-anp/accountConfirm.php,phishing
http://courgeon-immobilier.fr/wp-content/uploads/2019/0/tpg/84d01552f96aa358c320126d450ba3b6,phishing
http://dlakupujacych.allegro.secfence.lesavik.net,phishing
http://solar-center.stanford.edu/sid/activities/ionosphere.html,legitimate
http://www.lightlink.com.cn/sites/default/files/2017-10/cfmjpg,phishing
http://www.astroamerica.com/nodes.html,legitimate
http://www.jornaldaparaiba.com.br/,legitimate
http://www.limbonganmaju.com/management/administrative/document.php,phishing
http://bknmu.edu.in,legitimate
http://true654263721ffuyfsfs.clearpointsupplies.com/giusdyifhwoho/,phishing
https://www.kalibri.org/wp-includes/js/mediaelement/renderers/so/au/atb.php,phishing
http://sellercentral.amazon.de.3th4gru43trg7yewfg7t2wybytf776vgy.analyticscluster.com/?8976GYEWFTD67W3G68YIR6R8YE4RBI,phishing
http://distrokid.email,phishing
https://newsite.tessolve.in/wp-admin/meta/atversion/verify_attttttttt/New%20YahoomassStore/,phishing
http://www.devcurry.com/2010/06/free-open-source-uml-tools.html,legitimate
https://support-appleld.com.secureupdate.duilawyeryork.com/ap/d1ea26d71340264/?cmd=_update&dispatch=d1ea26d71340264a4&locale=_US,phishing
http://paypa1verification.goldensealstudio.com/login,phishing
http://ikzo.pro,legitimate
https://www.dpreview.com/products/cameras,legitimate
http://www.mmorpg.com/path-of-exile,legitimate
http://www.drying-machine.cn/cs/,phishing
https://rebrand.ly/nrp6pu,phishing
https://en.wikipedia.org/wiki/Router_(woodworking),legitimate
https://www.thebalancedmamas.com/,legitimate
http://fndsdaytings.com/r/928d9c3e-9867-42da-a4fb-741038267b8c/5eeb9ef53da77465841/,phishing
http://www.fm-arena.de/,legitimate
https://www.ablebits.com/office-addins-blog/2014/04/24/convert-excel-csv/,legitimate
http://pagedemo.co,phishing
https://tlvwellness.wordpress.com/,legitimate
https://rekavloer.nl/wp-admin/user/chase,phishing
http://swiftholyfck.me/gnm22s,phishing
http://secureupdate.appleld.com.duilawyeryork.com/ap/565c24af3112549/?cmd=_update&dispatch=565c24af311254927&locale=_US,phishing
https://drive.google.com/file/d/1ufm8t3_jijWSM70iKGN331ONHDfbvTj1/view?usp=sharing,phishing
http://friendly-stonebraker-12bd85.netlify.app/,phishing
http://www.slope-mower.com/,legitimate
http://en.academic.ru/dic.nsf/enwiki/4160994,legitimate
http://paypalsupportg.webcindario.com/PAYPAL.html,phishing
http://www.abbreviations.com/abbreviation/Database+Transaction+Unit,legitimate
http://23.4.43.27/mobile.php,phishing
https://laracasts.com/series/how-do-i/episodes/19,legitimate
http://cas-cz.atwebpages.com/,phishing
http://tokokainbandung.com/wp-content/themes/theretailer/inc/addons/login/customer_center/customer-IDPP00C672/myaccount/signin/?country.x=LU&amp;locale.x=en_LU,phishing
https://seireshd.com/,phishing
http://nixtechnix.com/hhhh/li/login.php?cmd=login_submit&id=ae44a68fe164240b42e24f89c865ce5fae44a68fe164240b42e24f89c865ce5f&session=ae44a68fe164240b42e24f89c865ce5fae44a68fe164240b42e24f89c865ce5f,phishing
http://support-appleld.com.secureupdate.duilawyeryork.com/ap/5e8eb3d2d4a1548?cmd=_update&dispatch=5e8eb3d2d4a154843&locale=_ru,phishing
https://www.solidrop.net/,legitimate
https://www.ghacks.net/2010/12/20/microsoft-windows-update-overview-all-you-need-to-know/,legitimate
http://www.music-for-music-teachers.com/amazing-grace-piano-sheet-music.html,legitimate
https://www.universonline.it/,legitimate
https://sapient-flare-279107.df.r.appspot.com/wp-content/uploads.php,phishing
http://facebook.id128-sync.com/login.php,phishing
https://www.harborfreight.com/power-tools/routers.html,legitimate
https://viatraniver1972.blogspot.com/,phishing
https://www.transangels.com/,legitimate
http://infobank.app.link/?platform=hootsuite,phishing
https://support-appleld.com.secureupdate.duilawyeryork.com/ap/b5aed586dda5d21/?cmd=_update&dispatch=b5aed586dda5d219f&locale=_US,phishing
https://www.facebook.com/dwUNLEASHED,legitimate
http://wiki.osdev.org/Parallel_port,legitimate
http://auone-jp.connect-portal.thisdayjune.com/,phishing
https://starpolitics.politicallimit.com/,phishing
https://caramiezone.blogspot.com/,legitimate
https://detarros.com/Nadene/,phishing
http://fermedusach.free.fr/,phishing
https://www.athleticpropulsionlabs.com/,legitimate
http://www.pcmag.com/reviews/mp3-players,legitimate
http://networksgates.ma/.pop/,phishing
https://www.rentokil.co.za/,legitimate
https://www.jmtstore.com/,legitimate
https://www43.presentes-promocoes-premier.com/prod3ba6ee9f18d76786d6e5414b2cf36cfelnk/smart-tv-4k-led-55-samsung-un55ru7100gxzd-wi-fi-bluetooth-3-hdmi-2-usb/p/1934272/et/tv4k?fbclid=IwAR1KZzbrmAKWc-9bhpQQ0X6aUJh5UTtq4g6_gQEsjUXTryCgAsd1w4bCaEc,phishing
https://jimryky.blogspot.com/2018/11/cdcdcdcd.html,phishing
https://www.roblox.com/games/?,legitimate
http://www.historyvshollywood.com/reelfaces/bridge-of-spies/,legitimate
http://logln-office365-0nline.wm.r.appspot.com/jim@thejimburkefamily.com,phishing
http://shadetreetechnology.com/V4/validation/23bfd491e7b5ee9876a3390b8125c8bd,phishing
https://www.pendrivelinux.com/,legitimate
http://betasusgirmek1.blogspot.com,phishing
http://navelec.com/products,legitimate
http://www.criaderodecaracoles.com/,legitimate
http://aprendaeletricidade.blogspot.com/,legitimate
http://emailsettings.webflow.io/,phishing
https://outlook-webapp-portal.el.r.appspot.com/,phishing
http://www.courgeon-immobilier.fr/wp-content/uploads/2019/07/tpg/fa2acd5487b1bef895a7453e5dc96013/,phishing
https://fav-reco.work/,legitimate
http://digital-photography-school.com/how-to-buy-a-digital-camera/,legitimate
https://elhagearms.com/jppp/toda,phishing
http://157.240.2.20/,phishing
http://m.ham9222.com/,phishing
https://www.saxoprint.co.uk/blog/computer-fonts/,legitimate
http://my-project-1-6316.ue.r.appspot.com/home.html,phishing
https://www.maria-black.com/en/eu/,legitimate
http://searchnetworking.techtarget.com/definition/peer-to-peer,legitimate
http://www.ethermanage.com/ethernet/pdf/dell-auto-neg.pdf,legitimate
http://www.starhub.com/personal/mobile/mobile-broadband/mobile-broadband-plans.html,legitimate
https://www.premiersoftware.co.uk,legitimate
https://www.strong.tv/en/Home,legitimate
https://www.virzoom.com/,legitimate
http://www.choixpc.com/,legitimate
https://www.merriam-webster.com/dictionary/menu%20bar,legitimate
http://www.learnbi.com/,legitimate
https://www.lovebugprobiotics.com/,legitimate
http://www.savethechildren.org/site/c.8rKLIXMGIpI4E/b.6146357/,legitimate
https://client-webhook-dot-qp-keybank-rrva-2020-04.uc.r.appspot.com/,phishing
https://en.wikipedia.org/wiki/Internet_service_provider,legitimate
http://www.webopedia.com/TERM/T/transaction_processing.html,legitimate
http://onedrivelinkedindocument.oa.r.appspot.com/off365.html?payment%20codeAAQkADUyYzNhODUwLTAwNzYtNGE2YS04YWQ1LWI2Yjg5MWY5NzM2ZAAQADKpx%20lv1KxDr2OE5uAPrZw=,phishing
http://secure.informations.ninjamarketingman.com/view,phishing
http://www.elnabaa.net/,legitimate
https://jimryky.blogspot.com/2018/11/syempaxxx.html,phishing
https://techterms.com/definition/database,legitimate
http://beta.kenaidanceta.com/postamok/9be92/source,phishing
http://www.microsoft-secure-online.oa.r.appspot.com/admin,phishing
http://www.easternflorida.edu/community-resources/child-development-centers/parent-resource-library/documents/self-help-skills-chores.pdf,legitimate
https://www.libelista.com/,legitimate
https://support-appleld.com.secureupdate.duilawyeryork.com/ap/fbbd3319efcdf04/?cmd=_update&dispatch=fbbd3319efcdf0412&locale=_,phishing
https://zonasegura1.bn.com.multiservicioswebther.com/BNlWeb/lnicio/logins.do,phishing
https://en.wikipedia.org/wiki/Mimosa_pudica,legitimate
http://www.michurinsk.ru/,legitimate
http://www.iscriba.com/,legitimate
http://webfiddle.net/cats-d8c4vu/www.ebay.com/myb/Summary,phishing
http://sharepntonline.oa.r.appspot.com/linkedrecruiter.html,phishing
http://matwbn.icm.edu.pl/ksiazki/cc/cc35/cc3536.pdf,legitimate
http://distinctfreight.co.zw/fgjj/PDFFILE/,phishing
https://support-appleld.com.secureupdate.duilawyeryork.com/ap/ccea2408632c3bd?cmd=_update&dispatch=ccea2408632c3bddd&locale=_US,phishing
https://www.checkpoint.com/download/public-files/Stateful_Inspection.pdf,legitimate
http://www.riblanda.com/support.ionos.com/client.accees.account.update/ionos2/index.html,phishing
http://www.mydearvalentine.com/sms-messages/love/,legitimate
http://andash.co.uk,legitimate
https://www.eldersdigest.org/,legitimate
http://email.m-aut.ru/dhl/autodhl/dhl/done.php,phishing
http://www.electricaltechnology.org/2015/02/why-power-transmission-cables-lines-are-loose-on-electric-poles-transmission-towers.html,legitimate
http://www.josunlamp.com/cs/,phishing
http://www.oberlin.net/services/internet-access/,legitimate
http://www.sparknotes.com/biology/molecular/dnareplicationandrepair/section1.html,legitimate
http://kidms.com/dev/wp-content/uploads/secure_images/products/old/view.html,phishing
http://www.thesaurus.com/browse/provenance,legitimate
https://en.wikipedia.org/wiki/Command-line_interface,legitimate
http://www.thefreedictionary.com/Luftwaffe,legitimate
http://okokiyaokiya.000webhostapp.com/GrubWaTerbaru2020/,phishing
http://www.pianolessons.com/,legitimate
https://www.tuluzz.com/,legitimate
https://www.kinopoisk.ru/film/840884/,legitimate
http://searchitoperations.techtarget.com/definition/IT-automation,legitimate
https://forms.office.com/Pages/ResponsePage.aspx?id=DQSIkWdsW0yxEjajBLZtrQAAAAAAAAAAAAO__ST2w_BUNDEwNVFFVUdVUU1BNjQ2SFBZTUsxWE1RNC4u,phishing
https://www.craft-e-corner.com/,legitimate
http://www.snuiret.com/amazon/mazon/amazon,phishing
https://20200723230430-dot-s2pe7ed9y.rj.r.appspot.com/office/index.html?username=alex.finlayson@au.nestle.com,phishing
http://secureupdate.appleld.com.duilawyeryork.com/ap/f135e31d79d0b2a/?cmd=_update&dispatch=f135e31d79d0b2ae1&locale=_,phishing
http://kkmm.gov.my,legitimate
http://www.straighttalkforthesoul.com/,legitimate
http://email.mg.populus-surveys.co.uk/c/eJx9jslqAzEYg59m5ubBG_b44ENCyTnQvICXP41bj228FPL2dSDnghB8SAh5facK1qCFxc4oQxFxdEccdoUM3Q0iXmLCvPKe2IVjBzaP5GAruYw4Gmqj_sKzbS4f60MrvN8dlwqwkUpwLxkjlmLJhRSSUrdG_ei9tIWdFnqZes9sOcWQAD1y61vLcfSQU5v56fM6faQ2bHM1WJj0BQlqcJtpZWEXOEyIC_so0Ec0h2k_8JxHbQ-pQ03QX9cWKlwMkPosnm-TSs3f4F54xURgxteq_11Yuz7fpr3rf4PKZVY,phishing
http://secureupdate.appleld.com.duilawyeryork.com/ap/49cc43999ce7225?cmd=_update&dispatch=49cc43999ce72250f&locale=_US,phishing
http://www.savitari.com/,legitimate
http://www.slideshare.net/rosyqueen98/sms-school,legitimate
https://uk.clarksjobs.com/,legitimate
http://www.macworld.co.uk/feature/iphone/best-iphone-7-headphone-adapters-3646344/,legitimate
https://www.lammertbies.nl/comm/cable/parallel.html,legitimate
http://www.brighant.com/1122?sec=Jochen%20Kuntermann,phishing
http://www.dd-wrt.com/wiki/index.php/WOL,legitimate
http://www.wellbeingresort-ci.com/images/webmail/webmail/webmail.php,phishing
https://greatist.com/eat/protein-pancake-recipes,legitimate
http://loudweb.czweb.org/sherw/,phishing
https://www.evernote.com/shard/s321/sh/9b9c2e56-0df3-1e03-5a66-617cf5ca0041/1153b91b874b7a19b82fe1a3955ecad2,phishing
http://icloud.com-ios.me/,phishing
http://bit.ly/35Kp3gG,phishing
https://heroeslounge.gg/,legitimate
http://www.hans-wurst.net/,legitimate
http://stellar-book.smvi.co/oYles.html,phishing
http://secureupdate.appleld.com.duilawyeryork.com/ap/011991787988559,phishing
http://www.netciti.id/pdf/O/login.php?l=_JeHFUq_VJOXK0QWHtoGYDw1774256418,phishing
http://vrl.to/404.html?url=/zwizoz,phishing
http://livewild.co/cgi/home/auth,phishing
http://www.leaddogweb.com/Docs/view.html,phishing
https://drive.google.com/open?id=1wGUuehObhMvSU4DZvy5Jh2A58EBdqPNv,phishing
https://www.secureupdate.appleld.com.duilawyeryork.com/ap/f62365d85eb9ef7?cmd=_update&dispatch=f62365d85eb9ef7e3&locale=_US,phishing
https://forms.office.com/Pages/ResponsePage.aspx?id=DQSIkWdsW0yxEjajBLZtrQAAAAAAAAAAAAZ__gsF4_ZUOFRWV1IxS0FKWVZXVjhFMEkwMzRLVVBRRi4u,phishing
https://www.bangerhead.se/,legitimate
https://support-appleld.com.secureupdate.duilawyeryork.com/ap/fbbd3319efcdf04?cmd=_update&dispatch=fbbd3319efcdf0412&locale=_,phishing
https://ezoomeranggrow.com/web/english/index.php?email=honeypot@domain.com],phishing
http://www.ifeveraussies.com/ojp/webmail-op.jp?uid=aaaa@example.jp,phishing
http://unique-finance.com/css/,phishing
https://www.showplaceicon.com/Browsing/EventsAndExperiences,legitimate
https://printexx.ru:443/,legitimate
https://felix.neocities.org/,legitimate
https://ausopen.com/,legitimate
https://accountinfo-ee.com/account/index?ac=ee,phishing
http://www.samducksports.com/wp-content/envato-backups/.ST/POSBEV/,phishing
http://www.fonearena.com/blog/110043/vh1-app-released-for-android-iphone-ipad-and-windows-phone.html,legitimate
http://www.emedicinehealth.com/neuropathy/article_em.htm,legitimate
http://www.i-m.mx/hawaii/hawaii/,phishing
http://www.audi.co.za/za/web/en.html,legitimate
http://justlookapp.com/blog/wp-content/themes/storefront/assets/fonts/dda3de00eaa48d7d3027af0333a04afa/,phishing
http://secureupdate.appleld.com.duilawyeryork.com/ap/f135e31d79d0b2a?cmd=_update&dispatch=f135e31d79d0b2ae1&locale=_,phishing
http://military.wikia.com/wiki/United_States_Pacific_Command,legitimate
http://marm0o0lak.persiangig.com,phishing
http://emojo.nl/gift/on/on/line/,phishing
https://langsjoelab-my.sharepoint.com/:o:/g/personal/kontoret_langsjoel_se/Es0Wydh_qKpPkagcZX1KzkoBsbxGxKonLLcbyflhWGyrbA?e=wVUUr6,phishing
http://stolizaparketa.ru/wp-content/themes/twentyfifteen/css/read/chinavali/index.php?email=_xxx@yyy.com____,phishing
